# Blender 4.0.2
# www.blender.org
mtllib Stickman.mtl
o Stickman
v 0.125557 1.424360 -0.078619
v -0.002068 1.385736 -0.107178
v 0.121991 1.417431 0.232288
v -0.002068 1.401666 0.272572
v 0.331775 2.977949 0.221582
v -0.002068 3.000778 0.416219
v 0.331776 2.996103 -0.112920
v -0.002068 3.027961 -0.264255
v 0.372324 2.784073 0.234259
v 0.371050 2.781165 -0.135896
v -0.002068 2.789512 -0.356557
v -0.002068 2.790738 0.485798
v -0.002068 2.889681 -0.328610
v 0.342155 2.883629 -0.149318
v 0.346932 2.886308 0.249621
v -0.002068 2.890828 0.460517
v -0.002068 1.684472 -0.344718
v 0.441837 1.707517 -0.128836
v 0.441836 1.692307 0.256270
v -0.002068 1.668596 0.493280
v 0.137142 1.674702 0.463716
v 0.115483 2.791767 0.470979
v 0.106178 2.891800 0.446888
v 0.101055 2.998433 0.394171
v 0.081934 3.025363 -0.249416
v 0.087019 2.889681 -0.317435
v 0.094760 2.789512 -0.344592
v 0.137142 1.690578 -0.322749
v 0.041093 1.391909 -0.101311
v 0.042469 1.403304 0.264260
v 0.174116 3.141075 0.193925
v 0.066506 3.141075 0.272108
v 0.000000 3.141075 0.282641
v 0.000000 3.141075 -0.147798
v 0.066506 3.141075 -0.137264
v 0.174116 3.141075 -0.059081
v 0.558883 -0.000093 0.175669
v 0.067072 -0.000093 0.206361
v 0.428781 -0.000093 -0.125914
v 0.130622 -0.000093 -0.111712
v 0.425347 2.729334 -0.031683
v 0.422790 2.733080 0.155596
v 0.096253 1.396081 0.001890
v 0.096369 1.396081 0.139503
v 0.034217 1.380632 0.001939
v 0.034235 1.380632 0.139454
v 0.326814 3.039942 -0.004713
v 0.326901 3.035908 0.132784
v -0.002068 1.379423 0.139445
v -0.002068 1.379423 0.001948
v 0.204686 3.141075 0.133928
v 0.204686 3.141075 0.000915
v 0.508128 1.739173 -0.055875
v 0.502335 1.734176 0.188515
v 0.550313 -0.000093 0.095091
v 0.499435 -0.000093 -0.061091
v 0.068093 -0.000093 -0.030659
v 0.057788 -0.000093 0.100500
v 0.416562 2.284396 0.285861
v 0.393035 2.570983 0.273029
v 0.128221 2.564079 0.497667
v 0.150591 2.276391 0.525108
v -0.002068 2.284743 -0.424259
v -0.002068 2.567549 -0.387178
v 0.105156 2.567988 -0.377745
v 0.139623 2.284696 -0.407728
v -0.002068 2.562388 0.517635
v -0.002068 2.276546 0.548781
v 0.394724 2.573996 -0.151225
v 0.418754 2.287156 -0.158725
v 0.439628 2.564420 0.163546
v 0.470557 2.281800 0.181358
v 0.478607 2.284223 -0.039512
v 0.443441 2.565246 -0.030357
v 0.296043 2.285793 -0.304827
v 0.259113 2.572473 -0.308753
v 0.235144 2.795597 -0.281684
v 0.226900 2.889804 -0.261618
v 0.188301 3.011463 -0.204328
v 0.126503 3.141075 -0.106694
v 0.126503 3.141075 0.241538
v 0.213999 2.991549 0.350402
v 0.230440 2.891929 0.390541
v 0.239126 2.798854 0.405253
v 0.262561 2.568800 0.427003
v 0.298533 2.281638 0.431648
v 0.307702 1.675145 0.350376
v 0.084945 1.410575 0.246710
v 0.067765 1.388221 0.139479
v 0.067697 1.388221 0.001914
v 0.084776 1.404702 -0.085743
v 0.290308 1.704192 -0.234078
v -0.002068 3.077509 0.320332
v 0.082010 3.077509 0.302423
v 0.163088 3.077509 0.258798
v 0.211314 3.077509 0.199474
v 0.231325 3.077510 0.132780
v 0.231288 3.077510 -0.004717
v 0.213106 3.077509 -0.079159
v 0.149073 3.080927 -0.129542
v 0.070251 3.080927 -0.159342
v -0.002068 3.080927 -0.171742
v 0.397502 2.889426 0.219183
v 0.421797 2.808103 0.195295
v 0.436386 2.764310 0.148467
v 0.448049 2.747382 -0.005383
v 0.438780 2.789919 -0.070386
v 0.414335 2.880875 -0.105127
v 0.386675 2.973464 -0.077930
v 0.369256 3.023945 -0.010389
v 0.364075 3.021604 0.121448
v 0.373057 2.980382 0.184442
v 0.486944 0.296730 -0.056369
v 0.507755 0.292721 0.098893
v 0.474074 0.311152 0.162248
v 0.126840 0.296447 0.189043
v 0.086434 0.301377 0.102926
v 0.085607 0.298727 -0.032825
v 0.141633 0.289637 -0.122055
v 0.423801 0.289637 -0.122055
v 0.503856 0.259478 0.680674
v 0.546533 -0.000093 0.686413
v 0.147398 0.221789 0.679205
v 0.122751 -0.000093 0.681821
v -0.002068 1.443657 -0.170816
v -0.002068 1.592911 -0.294006
v 0.116172 1.598137 -0.274301
v 0.061485 1.447961 -0.160576
v 0.134486 1.461315 -0.147637
v 0.245700 1.609962 -0.206208
v 0.187206 1.465221 0.283647
v 0.352885 1.596751 0.291278
v 0.235090 1.598912 0.344604
v 0.127398 1.459299 0.297873
v 0.061671 1.452010 0.321021
v 0.112746 1.584783 0.421005
v -0.002068 1.581929 0.439577
v -0.002068 1.451040 0.329228
v 0.174114 -0.000093 -0.067582
v 0.389437 -0.000093 -0.085710
v 0.431701 -0.000093 0.103891
v 0.166453 -0.000093 0.127785
v 0.442682 -0.000093 0.196602
v 0.174651 -0.000093 0.217571
v 0.200273 -0.000093 -0.157302
v 0.363062 -0.000093 -0.157058
v 0.358791 1.614033 -0.155745
v 0.197854 1.480638 -0.136261
v 0.198904 0.274733 -0.159340
v 0.349872 0.280031 -0.164102
v 0.204660 0.390241 0.240378
v 0.397069 0.393900 0.226083
v 0.197316 -0.000093 0.772918
v 0.470549 -0.000093 0.770625
v 0.453666 0.251403 0.754242
v 0.220135 0.249599 0.753230
v 0.503311 0.283529 0.340873
v 0.526586 0.278438 0.513179
v 0.118009 0.263479 0.514993
v 0.124984 0.284550 0.344284
v 0.076487 -0.000093 0.349183
v 0.080119 -0.000093 0.518700
v 0.590384 -0.000093 0.520050
v 0.580805 -0.000093 0.345685
v 0.186066 -0.000093 0.593426
v 0.179058 -0.000093 0.350307
v 0.456406 -0.000093 0.348015
v 0.470087 -0.000093 0.588704
v 0.440194 0.345114 0.575702
v 0.417036 0.377733 0.347876
v 0.205498 0.366502 0.349889
v 0.216025 0.335057 0.575981
v 0.069870 0.070652 0.197793
v 0.084195 0.180883 0.190921
v 0.076562 0.186016 0.098181
v 0.062982 0.070915 0.097300
v 0.082655 0.184630 -0.035905
v 0.074880 0.070972 -0.034655
v 0.138447 0.180301 -0.119454
v 0.132972 0.071004 -0.113820
v 0.429506 0.075545 -0.129039
v 0.432768 0.182562 -0.126502
v 0.492436 0.186525 -0.060593
v 0.499591 0.076268 -0.062507
v 0.525487 0.184561 0.096082
v 0.547388 0.076411 0.094528
v 0.524236 0.190731 0.170339
v 0.552290 0.075383 0.175969
v 0.199334 0.072104 -0.158210
v 0.198817 0.173416 -0.159421
v 0.355213 0.177442 -0.163931
v 0.360164 0.074915 -0.161749
v 0.465603 0.074183 0.781916
v 0.456400 0.167398 0.782542
v 0.213075 0.165869 0.780928
v 0.202096 0.071662 0.780308
v 0.541433 0.075352 0.696566
v 0.537977 0.172325 0.699699
v 0.135442 0.148506 0.693549
v 0.126743 0.071547 0.688782
v 0.572419 0.178211 0.529551
v 0.581478 0.075698 0.528696
v 0.573085 0.075406 0.345719
v 0.552718 0.183898 0.342245
v 0.087108 0.183132 0.345047
v 0.081661 0.070876 0.348322
v 0.087449 0.071228 0.525311
v 0.091536 0.161725 0.527349
v -0.002068 1.379423 0.070696
v 0.034226 1.380632 0.070696
v 0.067731 1.388221 0.070696
v 0.096311 1.396081 0.070696
v 0.080935 0.292149 0.042593
v 0.076906 0.181377 0.035116
v 0.068931 0.070944 0.031322
v 0.062940 -0.000093 0.034920
v 0.163232 -0.000093 0.035280
v 0.419680 -0.000093 0.011773
v 0.537135 -0.000093 0.024401
v 0.535856 0.076361 0.023543
v 0.521383 0.184261 0.027441
v 0.508911 0.292149 0.032713
v 0.553170 1.764924 0.063640
v 0.496215 2.282128 0.064564
v 0.453251 2.562983 0.063975
v 0.438452 2.717057 0.063438
v 0.448073 2.736659 0.063131
v 0.366665 3.022774 0.055530
v 0.326857 3.037925 0.064036
v 0.231306 3.077510 0.064032
v 0.215219 3.141075 0.067422
v -0.002068 1.504393 0.390124
v 0.087463 1.504682 0.375821
v 0.182320 1.525715 0.326161
v 0.269799 1.527499 0.299936
v 0.308610 0.414976 0.248581
v 0.318708 0.399501 0.351018
v 0.325339 0.366476 0.587448
v 0.327309 0.272956 0.776322
v 0.331074 0.178563 0.814159
v 0.334473 0.072335 0.817988
v 0.335045 -0.000093 0.807829
v 0.338678 -0.000093 0.611243
v 0.338090 -0.000093 0.349718
v 0.332315 -0.000093 0.212306
v 0.323803 -0.000093 0.118203
v 0.313320 -0.000093 0.026013
v 0.297009 -0.000093 -0.077845
v 0.278358 -0.000093 -0.173876
v 0.276760 0.073652 -0.177372
v 0.272817 0.174193 -0.178803
v 0.270357 0.274817 -0.177440
v 0.286466 1.550263 -0.158535
v 0.196989 1.539587 -0.184279
v 0.092501 1.525249 -0.219052
v -0.002068 1.520265 -0.235084
v 1.448025 2.961263 0.187755
v 1.461769 2.888341 0.217388
v 1.475542 2.819684 0.195550
v 1.483316 2.779216 0.146551
v 1.494385 2.758190 0.063131
v 1.494361 2.767345 -0.005383
v 1.485479 2.806058 -0.071780
v 1.472121 2.881374 -0.102807
v 1.456447 2.955464 -0.079100
v 1.446458 3.001741 -0.016485
v 1.444448 3.008178 0.069201
v 1.443109 3.002033 0.126489
v 0.445358 1.541421 0.245998
v 0.357712 1.465345 0.284156
v 0.274039 1.405961 0.294326
v 0.189113 1.347784 0.278920
v 0.122521 1.294968 0.227563
v 0.095283 1.276490 0.135507
v 0.094631 1.275482 0.067626
v 0.095090 1.276200 -0.001902
v 0.127314 1.300396 -0.083364
v 0.197969 1.348898 -0.138783
v 0.284706 1.410926 -0.160600
v 0.357817 1.468299 -0.156658
v 0.439867 1.552619 -0.128095
v 0.505814 1.581592 -0.055929
v 0.548335 1.604029 0.060261
v 0.502927 1.576703 0.178724
v 0.471639 0.415435 0.169347
v 0.393733 0.484720 0.231005
v 0.305679 0.498977 0.252459
v 0.203342 0.471406 0.243645
v 0.126474 0.381086 0.192308
v 0.087184 0.384032 0.105688
v 0.082095 0.375501 0.044715
v 0.086411 0.381582 -0.030204
v 0.140419 0.375314 -0.118775
v 0.198825 0.365784 -0.157597
v 0.271573 0.371119 -0.176013
v 0.350545 0.380753 -0.163471
v 0.425163 0.396693 -0.122567
v 0.488543 0.405641 -0.056331
v 0.512253 0.403350 0.035048
v 0.507345 0.401557 0.105660
v 0.476095 2.808701 0.195308
v 0.490333 2.765080 0.148368
v 0.501988 2.737771 0.063131
v 0.501964 2.748413 -0.005383
v 0.492715 2.790752 -0.070458
v 0.468843 2.880901 -0.105007
v 0.441801 2.972534 -0.077990
v 0.424765 3.022799 -0.010704
v 0.422205 3.022021 0.056235
v 0.419679 3.020593 0.121708
v 0.428452 2.979395 0.184613
v 0.452344 2.889370 0.219090
v -0.002068 1.845334 -0.399968
v -0.002068 2.052109 -0.432334
v 0.143413 1.854019 -0.377069
v 0.146264 2.059730 -0.410945
v 0.305504 2.078523 -0.303859
v 0.301713 1.878178 -0.280589
v 0.438179 1.881085 0.282389
v 0.429788 2.082061 0.291872
v 0.311159 2.070773 0.433540
v 0.304674 1.869881 0.412466
v 0.157043 1.855513 0.512304
v 0.161699 2.057503 0.533340
v -0.002068 2.047764 0.567611
v -0.002068 1.844507 0.549048
v 0.508494 1.900825 -0.049881
v 0.498001 2.099988 -0.044148
v 0.542063 1.903476 0.064441
v 0.520859 2.101251 0.064825
v 0.504028 1.894832 0.184788
v 0.492044 2.094536 0.183650
v 0.439376 1.891416 -0.150869
v 0.431621 2.091483 -0.160875
v -0.002068 3.115558 0.250967
v 0.052574 3.115558 0.240079
v 0.118309 3.115558 0.209179
v 0.169478 3.115558 0.166859
v 0.190249 3.115558 0.121046
v 0.190228 3.115558 0.064027
v 0.190206 3.115558 0.007009
v 0.171617 3.115558 -0.049882
v 0.116918 3.116364 -0.086739
v 0.049801 3.116364 -0.108418
v -0.002068 3.116364 -0.118079
v -1.672543 2.989745 -0.004913
v -1.675159 2.949291 -0.061955
v -1.677557 2.884598 -0.092868
v -1.677015 2.815993 -0.068165
v -1.673868 2.775375 -0.003337
v -1.673868 2.787261 0.143977
v -1.675954 2.830123 0.191734
v -1.677704 2.902422 0.215049
v -1.675735 2.968902 0.175269
v -1.674150 2.997137 0.132100
v -1.671395 3.000257 0.079896
v -0.129693 1.424360 -0.078619
v -0.126126 1.417431 0.232288
v -0.335911 2.977949 0.221582
v -0.335911 2.996103 -0.112920
v -0.376460 2.784073 0.234259
v -0.375185 2.781165 -0.135896
v -0.346290 2.883629 -0.149318
v -0.351067 2.886308 0.249621
v -0.445972 1.707517 -0.128836
v -0.445971 1.692307 0.256270
v -0.141277 1.674702 0.463716
v -0.119618 2.791767 0.470979
v -0.110313 2.891800 0.446888
v -0.105191 2.998433 0.394171
v -0.086070 3.025363 -0.249416
v -0.091155 2.889681 -0.317435
v -0.098895 2.789512 -0.344592
v -0.141277 1.690578 -0.322749
v -0.045228 1.391909 -0.101311
v -0.046604 1.403304 0.264260
v -0.174116 3.141075 0.193925
v -0.066506 3.141075 0.272108
v -0.066506 3.141075 -0.137264
v -0.174116 3.141075 -0.059081
v -0.563018 -0.000093 0.175669
v -0.071208 -0.000093 0.206361
v -0.432917 -0.000093 -0.125914
v -0.134758 -0.000093 -0.111712
v -0.429482 2.729334 -0.031683
v -0.426925 2.733080 0.155596
v -0.100388 1.396081 0.001890
v -0.100504 1.396081 0.139503
v -0.038353 1.380632 0.001939
v -0.038370 1.380632 0.139454
v -0.330949 3.039942 -0.004713
v -0.331036 3.035908 0.132784
v -0.204686 3.141075 0.133928
v -0.204686 3.141075 0.000915
v -0.512263 1.739173 -0.055875
v -0.506470 1.734176 0.188515
v -0.554448 -0.000093 0.095091
v -0.503570 -0.000093 -0.061091
v -0.072228 -0.000093 -0.030659
v -0.061923 -0.000093 0.100500
v -0.420698 2.284396 0.285861
v -0.397170 2.570983 0.273029
v -0.132356 2.564079 0.497667
v -0.154726 2.276391 0.525108
v -0.109291 2.567988 -0.377745
v -0.143758 2.284696 -0.407728
v -0.398859 2.573996 -0.151225
v -0.422889 2.287156 -0.158725
v -0.443764 2.564420 0.163546
v -0.474692 2.281800 0.181358
v -0.482742 2.284223 -0.039512
v -0.447577 2.565246 -0.030357
v -0.300178 2.285793 -0.304827
v -0.263249 2.572473 -0.308753
v -0.239280 2.795597 -0.281684
v -0.231036 2.889804 -0.261618
v -0.192436 3.011463 -0.204328
v -0.126503 3.141075 -0.106694
v -0.126503 3.141075 0.241538
v -0.218134 2.991549 0.350402
v -0.234575 2.891929 0.390541
v -0.243261 2.798854 0.405253
v -0.266697 2.568800 0.427003
v -0.302668 2.281638 0.431648
v -0.311838 1.675145 0.350376
v -0.089080 1.410575 0.246710
v -0.071900 1.388221 0.139479
v -0.071832 1.388221 0.001914
v -0.088911 1.404702 -0.085743
v -0.294443 1.704192 -0.234078
v -0.086145 3.077509 0.302423
v -0.167223 3.077509 0.258798
v -0.215449 3.077509 0.199474
v -0.235460 3.077510 0.132780
v -0.235423 3.077510 -0.004717
v -0.217242 3.077509 -0.079159
v -0.153208 3.080927 -0.129542
v -0.074386 3.080927 -0.159342
v -0.401638 2.889426 0.219183
v -0.425932 2.808103 0.195295
v -0.440522 2.764310 0.148467
v -0.452184 2.747382 -0.005383
v -0.442916 2.789919 -0.070386
v -0.418470 2.880875 -0.105127
v -0.390811 2.973464 -0.077930
v -0.373391 3.023945 -0.010389
v -0.368210 3.021604 0.121448
v -0.377193 2.980382 0.184442
v -0.491079 0.296730 -0.056369
v -0.511890 0.292721 0.098893
v -0.478209 0.311152 0.162248
v -0.130975 0.296447 0.189043
v -0.090569 0.301377 0.102926
v -0.089743 0.298727 -0.032825
v -0.145769 0.289637 -0.122055
v -0.427937 0.289637 -0.122055
v -0.507991 0.259478 0.680674
v -0.550668 -0.000093 0.686413
v -0.151533 0.221789 0.679205
v -0.126887 -0.000093 0.681821
v -0.120308 1.598137 -0.274301
v -0.065621 1.447961 -0.160576
v -0.138622 1.461315 -0.147637
v -0.249836 1.609962 -0.206208
v -0.191341 1.465221 0.283647
v -0.357020 1.596751 0.291278
v -0.239226 1.598912 0.344604
v -0.131533 1.459299 0.297873
v -0.065807 1.452010 0.321021
v -0.116881 1.584783 0.421005
v -0.178250 -0.000093 -0.067582
v -0.393572 -0.000093 -0.085710
v -0.435837 -0.000093 0.103891
v -0.170588 -0.000093 0.127785
v -0.446818 -0.000093 0.196602
v -0.178786 -0.000093 0.217571
v -0.204408 -0.000093 -0.157302
v -0.367198 -0.000093 -0.157058
v -0.362926 1.614033 -0.155745
v -0.201989 1.480638 -0.136261
v -0.203039 0.274733 -0.159340
v -0.354007 0.280031 -0.164102
v -0.208796 0.390241 0.240378
v -0.401204 0.393900 0.226083
v -0.201451 -0.000093 0.772918
v -0.474684 -0.000093 0.770625
v -0.457801 0.251403 0.754242
v -0.224270 0.249599 0.753230
v -0.507446 0.283529 0.340873
v -0.530722 0.278438 0.513179
v -0.122145 0.263479 0.514993
v -0.129119 0.284550 0.344284
v -0.080622 -0.000093 0.349183
v -0.084255 -0.000093 0.518700
v -0.594519 -0.000093 0.520050
v -0.584940 -0.000093 0.345685
v -0.190201 -0.000093 0.593426
v -0.183194 -0.000093 0.350307
v -0.460541 -0.000093 0.348015
v -0.474222 -0.000093 0.588704
v -0.444330 0.345114 0.575702
v -0.421172 0.377733 0.347876
v -0.209633 0.366502 0.349889
v -0.220160 0.335057 0.575981
v -0.074005 0.070652 0.197793
v -0.088330 0.180883 0.190921
v -0.080697 0.186016 0.098181
v -0.067117 0.070915 0.097300
v -0.086791 0.184630 -0.035905
v -0.079016 0.070972 -0.034655
v -0.142583 0.180301 -0.119454
v -0.137107 0.071004 -0.113820
v -0.433641 0.075545 -0.129039
v -0.436904 0.182562 -0.126502
v -0.496572 0.186525 -0.060593
v -0.503726 0.076268 -0.062507
v -0.529623 0.184561 0.096082
v -0.551523 0.076411 0.094528
v -0.528371 0.190731 0.170339
v -0.556425 0.075383 0.175969
v -0.203469 0.072104 -0.158210
v -0.202953 0.173416 -0.159421
v -0.359348 0.177442 -0.163931
v -0.364299 0.074915 -0.161749
v -0.469738 0.074183 0.781916
v -0.460535 0.167398 0.782542
v -0.217211 0.165869 0.780928
v -0.206231 0.071662 0.780308
v -0.545568 0.075352 0.696566
v -0.542113 0.172325 0.699699
v -0.139577 0.148506 0.693549
v -0.130878 0.071547 0.688782
v -0.576555 0.178211 0.529551
v -0.585614 0.075698 0.528696
v -0.577220 0.075406 0.345719
v -0.556854 0.183898 0.342245
v -0.091243 0.183132 0.345047
v -0.085796 0.070876 0.348322
v -0.091584 0.071228 0.525311
v -0.095671 0.161725 0.527349
v -0.038361 1.380632 0.070696
v -0.071866 1.388221 0.070696
v -0.100446 1.396081 0.070696
v -0.085070 0.292149 0.042593
v -0.081041 0.181377 0.035116
v -0.073067 0.070944 0.031322
v -0.067076 -0.000093 0.034920
v -0.167368 -0.000093 0.035280
v -0.423815 -0.000093 0.011773
v -0.541270 -0.000093 0.024401
v -0.539991 0.076361 0.023543
v -0.525518 0.184261 0.027441
v -0.513046 0.292149 0.032713
v -0.557305 1.764924 0.063640
v -0.500351 2.282128 0.064564
v -0.457386 2.562983 0.063975
v -0.442588 2.717057 0.063438
v -0.452208 2.736659 0.063131
v -0.370801 3.022774 0.055530
v -0.330993 3.037925 0.064036
v -0.235442 3.077510 0.064032
v -0.215219 3.141075 0.067422
v -0.091598 1.504682 0.375821
v -0.186455 1.525715 0.326161
v -0.273934 1.527499 0.299936
v -0.312745 0.414976 0.248581
v -0.322843 0.399501 0.351018
v -0.329474 0.366476 0.587448
v -0.331444 0.272956 0.776322
v -0.335209 0.178563 0.814159
v -0.338608 0.072335 0.817988
v -0.339180 -0.000093 0.807829
v -0.342813 -0.000093 0.611243
v -0.342226 -0.000093 0.349718
v -0.336450 -0.000093 0.212306
v -0.327939 -0.000093 0.118203
v -0.317455 -0.000093 0.026013
v -0.301145 -0.000093 -0.077845
v -0.282493 -0.000093 -0.173876
v -0.280895 0.073652 -0.177372
v -0.276952 0.174193 -0.178803
v -0.274492 0.274817 -0.177440
v -0.290601 1.550263 -0.158535
v -0.201125 1.539587 -0.184279
v -0.096637 1.525249 -0.219052
v -1.671151 2.774285 0.066545
v -1.450092 2.961263 0.187755
v -1.463837 2.888341 0.217388
v -1.477610 2.819684 0.195550
v -1.485384 2.779216 0.146551
v -1.496452 2.758190 0.063131
v -1.496429 2.767345 -0.005383
v -1.487547 2.806058 -0.071780
v -1.474189 2.881374 -0.102807
v -1.458515 2.955464 -0.079100
v -1.448525 3.001741 -0.016485
v -1.446516 3.008178 0.069201
v -1.445177 3.002033 0.126489
v -0.449493 1.541421 0.245998
v -0.361847 1.465345 0.284156
v -0.278174 1.405961 0.294326
v -0.193248 1.347784 0.278920
v -0.126656 1.294968 0.227563
v -0.099419 1.276490 0.135507
v -0.098766 1.275482 0.067626
v -0.099225 1.276200 -0.001902
v -0.131449 1.300396 -0.083364
v -0.202104 1.348898 -0.138783
v -0.288841 1.410926 -0.160600
v -0.361952 1.468299 -0.156658
v -0.444002 1.552619 -0.128095
v -0.509949 1.581592 -0.055929
v -0.552470 1.604029 0.060261
v -0.507062 1.576703 0.178724
v -0.475775 0.415435 0.169347
v -0.397868 0.484720 0.231005
v -0.309815 0.498977 0.252459
v -0.207478 0.471406 0.243645
v -0.130609 0.381086 0.192308
v -0.091320 0.384032 0.105688
v -0.086231 0.375501 0.044715
v -0.090546 0.381582 -0.030204
v -0.144555 0.375314 -0.118775
v -0.202960 0.365784 -0.157597
v -0.275708 0.371119 -0.176013
v -0.354681 0.380753 -0.163471
v -0.429298 0.396693 -0.122567
v -0.492679 0.405641 -0.056331
v -0.516388 0.403350 0.035048
v -0.511481 0.401557 0.105660
v -0.480231 2.808701 0.195308
v -0.494468 2.765080 0.148368
v -0.506123 2.737771 0.063131
v -0.506099 2.748413 -0.005383
v -0.496851 2.790752 -0.070458
v -0.472978 2.880901 -0.105007
v -0.445937 2.972534 -0.077990
v -0.428901 3.022799 -0.010704
v -0.426341 3.022021 0.056235
v -0.423815 3.020593 0.121708
v -0.432587 2.979395 0.184613
v -0.456480 2.889370 0.219090
v -0.147549 1.854019 -0.377069
v -0.150399 2.059730 -0.410945
v -0.309639 2.078523 -0.303859
v -0.305849 1.878178 -0.280589
v -0.442314 1.881085 0.282389
v -0.433924 2.082061 0.291872
v -0.315294 2.070773 0.433540
v -0.308809 1.869881 0.412466
v -0.161178 1.855513 0.512304
v -0.165834 2.057503 0.533340
v -0.512629 1.900825 -0.049881
v -0.502136 2.099988 -0.044148
v -0.546198 1.903476 0.064441
v -0.524994 2.101251 0.064825
v -0.508163 1.894832 0.184788
v -0.496179 2.094536 0.183650
v -0.443511 1.891416 -0.150869
v -0.435757 2.091483 -0.160875
v -0.056709 3.115558 0.240079
v -0.122444 3.115558 0.209179
v -0.173613 3.115558 0.166859
v -0.194384 3.115558 0.121046
v -0.194363 3.115558 0.064027
v -0.194342 3.115558 0.007009
v -0.175753 3.115558 -0.049882
v -0.121053 3.116364 -0.086739
v -0.053936 3.116364 -0.108418
v 0.300713 3.182898 -0.030286
v 0.255802 3.182898 -0.118429
v 0.185851 3.182898 -0.188380
v 0.097708 3.182898 -0.233291
v 0.000000 3.182898 -0.248766
v -0.097708 3.182898 -0.233291
v -0.185851 3.182898 -0.188380
v -0.255802 3.182898 -0.118429
v -0.300713 3.182898 -0.030286
v -0.316188 3.182898 0.067422
v -0.300713 3.182898 0.165129
v -0.255802 3.182898 0.253273
v -0.185851 3.182898 0.323224
v -0.097708 3.182898 0.368135
v 0.000000 3.182898 0.383610
v 0.097708 3.182898 0.368135
v 0.185851 3.182898 0.323224
v 0.255802 3.182898 0.253273
v 0.300713 3.182898 0.165129
v 0.316188 3.182898 0.067422
v 0.389336 3.240001 -0.059081
v 0.331189 3.240001 -0.173201
v 0.240623 3.240001 -0.263767
v 0.126503 3.240001 -0.321914
v 0.000000 3.240001 -0.341950
v -0.126503 3.240001 -0.321914
v -0.240623 3.240001 -0.263767
v -0.331189 3.240001 -0.173201
v -0.389336 3.240001 -0.059081
v -0.409372 3.240001 0.067422
v -0.389336 3.240001 0.193925
v -0.331189 3.240001 0.308044
v -0.240623 3.240001 0.398610
v -0.126503 3.240001 0.456757
v 0.000000 3.240001 0.476793
v 0.126503 3.240001 0.456757
v 0.240623 3.240001 0.398610
v 0.331189 3.240001 0.308044
v 0.389335 3.240001 0.193925
v 0.409371 3.240001 0.067422
v 0.468372 3.310978 -0.084761
v 0.398421 3.310978 -0.222048
v 0.289470 3.310978 -0.330999
v 0.152183 3.310978 -0.400950
v 0.000000 3.310978 -0.425053
v -0.152183 3.310978 -0.400950
v -0.289469 3.310978 -0.330999
v -0.398421 3.310978 -0.222048
v -0.468371 3.310978 -0.084761
v -0.492475 3.310978 0.067422
v -0.468371 3.310978 0.219605
v -0.398421 3.310978 0.356891
v -0.289469 3.310978 0.465842
v -0.152183 3.310978 0.535793
v 0.000000 3.310978 0.559897
v 0.152183 3.310978 0.535793
v 0.289469 3.310978 0.465842
v 0.398420 3.310978 0.356891
v 0.468371 3.310978 0.219605
v 0.492475 3.310978 0.067422
v 0.535875 3.394081 -0.106694
v 0.455842 3.394081 -0.263767
v 0.331189 3.394081 -0.388420
v 0.174116 3.394081 -0.468453
v 0.000000 3.394081 -0.496030
v -0.174116 3.394081 -0.468453
v -0.331189 3.394081 -0.388420
v -0.455842 3.394081 -0.263767
v -0.535874 3.394081 -0.106694
v -0.563452 3.394081 0.067422
v -0.535874 3.394081 0.241538
v -0.455842 3.394081 0.398610
v -0.331189 3.394081 0.523264
v -0.174116 3.394081 0.603296
v 0.000000 3.394081 0.630874
v 0.174116 3.394081 0.603296
v 0.331189 3.394081 0.523264
v 0.455842 3.394081 0.398610
v 0.535874 3.394081 0.241538
v 0.563452 3.394081 0.067422
v 0.590183 3.487264 -0.124340
v 0.502039 3.487264 -0.297331
v 0.364753 3.487264 -0.434617
v 0.191762 3.487264 -0.522761
v 0.000000 3.487264 -0.553133
v -0.191762 3.487264 -0.522761
v -0.364753 3.487264 -0.434617
v -0.502039 3.487264 -0.297331
v -0.590182 3.487264 -0.124340
v -0.620555 3.487264 0.067422
v -0.590182 3.487264 0.259184
v -0.502039 3.487264 0.432175
v -0.364753 3.487264 0.569461
v -0.191762 3.487264 0.657604
v 0.000000 3.487264 0.687976
v 0.191762 3.487264 0.657604
v 0.364753 3.487264 0.569461
v 0.502039 3.487264 0.432175
v 0.590182 3.487264 0.259184
v 0.620554 3.487264 0.067422
v 0.629958 3.588233 -0.137264
v 0.535875 3.588233 -0.321914
v 0.389336 3.588233 -0.468453
v 0.204686 3.588233 -0.562536
v 0.000000 3.588233 -0.594955
v -0.204686 3.588233 -0.562536
v -0.389336 3.588233 -0.468453
v -0.535874 3.588233 -0.321914
v -0.629958 3.588233 -0.137264
v -0.662377 3.588233 0.067422
v -0.629958 3.588233 0.272108
v -0.535874 3.588233 0.456757
v -0.389336 3.588233 0.603296
v -0.204686 3.588233 0.697380
v 0.000000 3.588233 0.729799
v 0.204686 3.588233 0.697380
v 0.389335 3.588233 0.603296
v 0.535874 3.588233 0.456757
v 0.629958 3.588233 0.272108
v 0.662377 3.588233 0.067422
v 0.654222 3.694501 -0.145148
v 0.556515 3.694501 -0.336910
v 0.404332 3.694501 -0.489093
v 0.212570 3.694501 -0.586801
v 0.000000 3.694501 -0.620468
v -0.212570 3.694501 -0.586800
v -0.404332 3.694501 -0.489093
v -0.556515 3.694501 -0.336910
v -0.654222 3.694501 -0.145148
v -0.687890 3.694501 0.067422
v -0.654222 3.694501 0.279992
v -0.556515 3.694501 0.471753
v -0.404332 3.694501 0.623937
v -0.212570 3.694501 0.721644
v 0.000000 3.694501 0.755312
v 0.212570 3.694501 0.721644
v 0.404331 3.694501 0.623936
v 0.556515 3.694501 0.471753
v 0.654222 3.694501 0.279992
v 0.687890 3.694501 0.067422
v 0.662377 3.803452 -0.147798
v 0.563452 3.803452 -0.341950
v 0.409372 3.803452 -0.496030
v 0.215219 3.803452 -0.594955
v 0.000000 3.803452 -0.629043
v -0.215219 3.803452 -0.594955
v -0.409372 3.803452 -0.496030
v -0.563452 3.803452 -0.341950
v -0.662377 3.803452 -0.147797
v -0.696465 3.803452 0.067422
v -0.662377 3.803452 0.282641
v -0.563452 3.803452 0.476793
v -0.409372 3.803452 0.630874
v -0.215219 3.803452 0.729799
v 0.000000 3.803452 0.763886
v 0.215219 3.803452 0.729799
v 0.409371 3.803452 0.630874
v 0.563452 3.803452 0.476793
v 0.662377 3.803452 0.282641
v 0.696464 3.803452 0.067422
v 0.654222 3.912404 -0.145148
v 0.556515 3.912404 -0.336910
v 0.404332 3.912404 -0.489093
v 0.212570 3.912404 -0.586801
v 0.000000 3.912404 -0.620468
v -0.212570 3.912404 -0.586800
v -0.404332 3.912404 -0.489093
v -0.556515 3.912404 -0.336910
v -0.654222 3.912404 -0.145148
v -0.687890 3.912404 0.067422
v -0.654222 3.912404 0.279992
v -0.556515 3.912404 0.471753
v -0.404332 3.912404 0.623937
v -0.212570 3.912404 0.721644
v 0.000000 3.912404 0.755312
v 0.212570 3.912404 0.721644
v 0.404331 3.912404 0.623936
v 0.556515 3.912404 0.471753
v 0.654222 3.912404 0.279992
v 0.687890 3.912404 0.067422
v 0.629958 4.018672 -0.137264
v 0.535875 4.018672 -0.321914
v 0.389336 4.018672 -0.468453
v 0.204686 4.018672 -0.562536
v 0.000000 4.018672 -0.594955
v -0.204686 4.018672 -0.562536
v -0.389336 4.018672 -0.468453
v -0.535874 4.018672 -0.321914
v -0.629958 4.018672 -0.137264
v -0.662377 4.018672 0.067422
v -0.629958 4.018672 0.272108
v -0.535874 4.018672 0.456757
v -0.389336 4.018672 0.603296
v -0.204686 4.018672 0.697380
v 0.000000 4.018672 0.729799
v 0.204686 4.018672 0.697380
v 0.389335 4.018672 0.603296
v 0.535874 4.018672 0.456757
v 0.629958 4.018672 0.272108
v 0.662377 4.018672 0.067422
v 0.590183 4.119641 -0.124340
v 0.502039 4.119641 -0.297331
v 0.364753 4.119641 -0.434617
v 0.191762 4.119641 -0.522761
v 0.000000 4.119641 -0.553133
v -0.191762 4.119641 -0.522761
v -0.364753 4.119641 -0.434617
v -0.502039 4.119641 -0.297331
v -0.590182 4.119641 -0.124340
v -0.620555 4.119641 0.067422
v -0.590182 4.119641 0.259184
v -0.502039 4.119641 0.432175
v -0.364753 4.119641 0.569461
v -0.191762 4.119641 0.657604
v 0.000000 4.119641 0.687976
v 0.191762 4.119641 0.657604
v 0.364753 4.119641 0.569461
v 0.502039 4.119641 0.432175
v 0.590182 4.119641 0.259184
v 0.620554 4.119641 0.067422
v 0.535875 4.212824 -0.106694
v 0.455842 4.212824 -0.263767
v 0.331189 4.212824 -0.388420
v 0.174116 4.212824 -0.468453
v 0.000000 4.212824 -0.496030
v -0.174116 4.212824 -0.468453
v -0.331189 4.212824 -0.388420
v -0.455842 4.212824 -0.263767
v -0.535874 4.212824 -0.106694
v -0.563452 4.212824 0.067422
v -0.535874 4.212824 0.241538
v -0.455842 4.212824 0.398610
v -0.331189 4.212824 0.523264
v -0.174116 4.212824 0.603296
v 0.000000 4.212824 0.630874
v 0.174116 4.212824 0.603296
v 0.331189 4.212824 0.523264
v 0.455842 4.212824 0.398610
v 0.535874 4.212824 0.241538
v 0.563452 4.212824 0.067422
v 0.468372 4.295927 -0.084761
v 0.398421 4.295927 -0.222048
v 0.289470 4.295927 -0.330999
v 0.152183 4.295927 -0.400950
v 0.000000 4.295927 -0.425053
v -0.152183 4.295927 -0.400950
v -0.289469 4.295927 -0.330999
v -0.398421 4.295927 -0.222048
v -0.468371 4.295927 -0.084761
v -0.492475 4.295927 0.067422
v -0.468371 4.295927 0.219605
v -0.398421 4.295927 0.356891
v -0.289469 4.295927 0.465842
v -0.152183 4.295927 0.535793
v 0.000000 4.295927 0.559897
v 0.152183 4.295927 0.535793
v 0.289469 4.295927 0.465842
v 0.398420 4.295927 0.356891
v 0.468371 4.295927 0.219605
v 0.492475 4.295927 0.067422
v 0.389336 4.366904 -0.059081
v 0.331189 4.366904 -0.173201
v 0.240623 4.366904 -0.263767
v 0.126503 4.366904 -0.321914
v 0.000000 4.366904 -0.341950
v -0.126503 4.366904 -0.321914
v -0.240623 4.366904 -0.263767
v -0.331189 4.366904 -0.173201
v -0.389336 4.366904 -0.059081
v -0.409372 4.366904 0.067422
v -0.389336 4.366904 0.193925
v -0.331189 4.366904 0.308044
v -0.240623 4.366904 0.398610
v -0.126503 4.366904 0.456757
v 0.000000 4.366904 0.476793
v 0.126503 4.366904 0.456757
v 0.240623 4.366904 0.398610
v 0.331189 4.366904 0.308044
v 0.389335 4.366904 0.193925
v 0.409371 4.366904 0.067422
v 0.300713 4.424007 -0.030286
v 0.255802 4.424007 -0.118429
v 0.185851 4.424007 -0.188380
v 0.097708 4.424007 -0.233291
v 0.000000 4.424007 -0.248766
v -0.097708 4.424007 -0.233291
v -0.185851 4.424007 -0.188380
v -0.255802 4.424007 -0.118429
v -0.300713 4.424007 -0.030286
v -0.316188 4.424007 0.067422
v -0.300713 4.424007 0.165129
v -0.255802 4.424007 0.253273
v -0.185851 4.424007 0.323224
v -0.097708 4.424007 0.368135
v 0.000000 4.424007 0.383610
v 0.097708 4.424007 0.368135
v 0.185851 4.424007 0.323224
v 0.255802 4.424007 0.253273
v 0.300713 4.424007 0.165129
v 0.316188 4.424007 0.067422
v 0.204686 4.465829 0.000915
v 0.174116 4.465829 -0.059081
v 0.126503 4.465829 -0.106694
v 0.066506 4.465829 -0.137264
v 0.000000 4.465829 -0.147798
v -0.066506 4.465829 -0.137264
v -0.126503 4.465829 -0.106694
v -0.174116 4.465829 -0.059081
v -0.204686 4.465829 0.000915
v -0.215219 4.465829 0.067422
v -0.204686 4.465829 0.133928
v -0.174116 4.465829 0.193925
v -0.126503 4.465829 0.241538
v -0.066506 4.465829 0.272108
v 0.000000 4.465829 0.282641
v 0.066506 4.465829 0.272108
v 0.126503 4.465829 0.241538
v 0.174116 4.465829 0.193925
v 0.204686 4.465829 0.133928
v 0.215219 4.465829 0.067422
v 0.103619 4.491343 0.033754
v 0.088143 4.491343 0.003382
v 0.064040 4.491343 -0.020721
v 0.033668 4.491343 -0.036197
v 0.000000 4.491343 -0.041529
v -0.033668 4.491343 -0.036197
v -0.064040 4.491343 -0.020721
v -0.088143 4.491343 0.003382
v -0.103619 4.491343 0.033754
v -0.108951 4.491343 0.067422
v -0.103619 4.491343 0.101090
v -0.088143 4.491343 0.131462
v -0.064040 4.491343 0.155565
v -0.033668 4.491343 0.171041
v 0.000000 4.491343 0.176373
v 0.033668 4.491343 0.171041
v 0.064040 4.491343 0.155565
v 0.088143 4.491343 0.131462
v 0.103619 4.491343 0.101090
v 0.108951 4.491343 0.067422
v 0.000000 4.499917 0.067422
v -1.752131 2.814052 0.266621
v -1.752130 2.906614 0.299353
v -1.752131 2.758489 0.191015
v -1.752131 2.883868 -0.176806
v -1.752131 2.796178 -0.142526
v -1.752131 2.966902 -0.132884
v -1.752130 3.019668 -0.043011
v -1.752130 2.991935 0.241615
v -1.752130 3.028670 0.173301
v -1.752130 3.033653 0.090870
v -1.752131 2.740822 0.069660
v -1.752131 2.743181 -0.040598
v -1.895825 2.814052 0.289806
v -1.895481 2.906614 0.325454
v -1.896539 2.758489 0.206367
v -1.895374 2.883868 -0.202734
v -1.895554 2.796178 -0.165183
v -1.895937 2.966902 -0.155037
v -1.897013 3.019668 -0.055673
v -1.896089 2.991935 0.262353
v -1.896769 3.028670 0.186728
v -1.897631 3.033653 0.094521
v -1.897350 2.740822 0.070663
v -1.896510 2.743181 -0.052737
v -2.084440 2.842742 0.206219
v -2.085109 2.900313 0.227195
v -2.083362 2.807327 0.155200
v -2.086464 2.886011 -0.102607
v -2.086481 2.831572 -0.079882
v -2.084012 2.937793 -0.073956
v -2.081429 2.971623 -0.012359
v -2.083258 2.953456 0.188653
v -2.081922 2.976630 0.142160
v -2.080059 2.980941 0.084422
v -2.082070 2.794522 0.068346
v -2.084224 2.797414 -0.010769
v -2.138956 2.888477 0.063363
v -1.613303 2.897800 0.216754
v -1.618279 2.824441 0.193616
v -1.621088 2.780674 0.144928
v -1.624683 2.763898 0.065322
v -1.625078 2.768356 -0.003895
v -1.621869 2.810142 -0.069771
v -1.617043 2.883351 -0.096896
v -1.611380 2.953676 -0.069105
v -1.607770 2.998074 -0.009514
v -1.607044 3.007735 0.076262
v -1.606561 3.002901 0.130748
v -1.608336 2.968901 0.180976
v -1.823608 2.991935 0.262465
v -1.823608 2.906614 0.326577
v -1.823608 2.814052 0.290248
v -1.823608 2.758489 0.206096
v -1.823608 2.740822 0.070643
v -1.823608 2.743181 -0.052442
v -1.823608 2.796178 -0.165866
v -1.823608 2.883868 -0.203985
v -1.823608 2.966902 -0.155243
v -1.823608 3.019668 -0.055218
v -1.823608 3.033653 0.094356
v -1.823608 3.028670 0.186380
v -1.992118 2.972695 0.235179
v -1.991947 2.903463 0.291345
v -1.992291 2.828397 0.259782
v -1.992770 2.782908 0.186960
v -1.993003 2.767672 0.069820
v -1.993164 2.770298 -0.036546
v -1.992795 2.813875 -0.134818
v -1.992354 2.884939 -0.168048
v -1.992262 2.952348 -0.125357
v -1.992340 2.995646 -0.038569
v -1.992264 3.007297 0.090592
v -1.992320 3.002650 0.169511
v 1.608336 2.968901 0.180976
v 1.613303 2.897800 0.216754
v 1.618279 2.824441 0.193616
v 1.621088 2.780674 0.144928
v 1.624683 2.763898 0.065322
v 1.625078 2.768356 -0.003895
v 1.621869 2.810142 -0.069771
v 1.617043 2.883351 -0.096896
v 1.611380 2.953676 -0.069105
v 1.607770 2.998074 -0.009514
v 1.607044 3.007735 0.076262
v 1.606561 3.002901 0.130748
v 1.675954 2.830123 0.191734
v 1.677704 2.902422 0.215049
v 1.752130 2.906614 0.299353
v 1.752131 2.814052 0.266621
v 1.673868 2.787261 0.143977
v 1.752131 2.758489 0.191015
v 1.677557 2.884598 -0.092868
v 1.677015 2.815993 -0.068165
v 1.752131 2.796178 -0.142526
v 1.752131 2.883868 -0.176806
v 1.675159 2.949291 -0.061955
v 1.752131 2.966902 -0.132884
v 1.672543 2.989745 -0.004913
v 1.752130 3.019668 -0.043011
v 1.675735 2.968902 0.175269
v 1.674150 2.997137 0.132100
v 1.752130 3.028670 0.173301
v 1.752130 2.991935 0.241615
v 1.671395 3.000257 0.079896
v 1.752130 3.033653 0.090870
v 1.671151 2.774285 0.066545
v 1.752131 2.740822 0.069660
v 1.673868 2.775375 -0.003337
v 1.752131 2.743181 -0.040598
v 1.823608 2.906614 0.326577
v 1.823608 2.814052 0.290248
v 1.823608 2.758489 0.206096
v 1.823608 2.796178 -0.165866
v 1.823608 2.883868 -0.203985
v 1.823608 2.966902 -0.155243
v 1.823608 3.019668 -0.055218
v 1.823608 3.028670 0.186380
v 1.823608 2.991935 0.262465
v 1.823608 3.033653 0.094356
v 1.823608 2.740822 0.070643
v 1.823608 2.743181 -0.052442
v 1.895825 2.814052 0.289806
v 1.895481 2.906614 0.325454
v 1.991947 2.903463 0.291345
v 1.992291 2.828397 0.259782
v 1.896539 2.758489 0.206367
v 1.992770 2.782908 0.186960
v 1.895374 2.883868 -0.202734
v 1.895554 2.796178 -0.165183
v 1.992795 2.813875 -0.134818
v 1.992354 2.884939 -0.168048
v 1.895937 2.966902 -0.155037
v 1.992262 2.952348 -0.125357
v 1.897013 3.019668 -0.055673
v 1.992340 2.995646 -0.038569
v 1.896089 2.991935 0.262353
v 1.896769 3.028670 0.186728
v 1.992320 3.002650 0.169511
v 1.992118 2.972695 0.235179
v 1.897631 3.033653 0.094521
v 1.992264 3.007297 0.090592
v 1.897350 2.740822 0.070663
v 1.993003 2.767672 0.069820
v 1.896510 2.743181 -0.052737
v 1.993164 2.770298 -0.036546
v 2.084440 2.842742 0.206219
v 2.085109 2.900313 0.227195
v 2.138956 2.888477 0.063363
v 2.083362 2.807327 0.155200
v 2.086464 2.886011 -0.102607
v 2.086481 2.831572 -0.079882
v 2.084012 2.937793 -0.073956
v 2.081429 2.971623 -0.012359
v 2.083258 2.953456 0.188653
v 2.081922 2.976630 0.142160
v 2.080059 2.980941 0.084422
v 2.082070 2.794522 0.068346
v 2.084224 2.797414 -0.010769
vn 0.6138 0.2740 0.7403
vn 0.5248 0.5640 0.6375
vn 0.2535 0.5950 0.7627
vn 0.2755 0.3245 0.9049
vn 0.4385 0.5794 -0.6871
vn 0.5285 0.3287 -0.7827
vn 0.2719 0.3651 -0.8904
vn 0.2526 0.6050 -0.7551
vn 0.5874 0.1684 -0.7916
vn 0.2854 0.1817 -0.9410
vn 0.6496 0.1571 0.7439
vn 0.3083 0.1591 0.9379
vn 0.2795 0.6334 0.7216
vn 0.6162 0.5663 0.5473
vn 0.7239 0.2198 0.6540
vn 0.3417 0.1477 0.9281
vn 0.7887 0.1289 0.6012
vn 0.3966 -0.3074 0.8650
vn 0.5359 0.5974 -0.5966
vn 0.3482 0.5777 -0.7383
vn 0.4067 0.0902 -0.9091
vn 0.6399 0.2591 -0.7234
vn 0.4268 -0.4253 -0.7981
vn 0.7678 0.1128 -0.6306
vn -0.0000 0.3302 0.9439
vn -0.0000 0.1633 0.9866
vn -0.0000 0.5899 0.8075
vn -0.0000 0.3654 -0.9308
vn -0.0000 0.6147 -0.7888
vn -0.0000 0.1813 -0.9834
vn 0.4059 0.7842 0.4694
vn 0.2108 0.8004 0.5612
vn -0.0000 0.8553 -0.5182
vn 0.1878 0.8310 -0.5236
vn 0.3327 0.7982 -0.5022
vn -0.0000 0.8061 0.5917
vn 0.9398 0.0188 -0.3413
vn 0.3784 -0.8306 -0.4086
vn 0.3841 -0.9163 0.1134
vn 0.9991 0.0353 0.0240
vn -0.9251 -0.2798 -0.2566
vn -0.9592 0.0134 -0.2824
vn -0.9999 0.0116 0.0037
vn -0.9719 -0.2354 0.0012
vn 0.2415 -0.9704 -0.0001
vn 0.1251 -0.9921 -0.0000
vn 0.1590 -0.9856 -0.0572
vn 0.2873 -0.9550 -0.0740
vn -0.0000 -1.0000 -0.0000
vn -0.0000 -0.9987 -0.0500
vn 0.4197 0.8920 -0.1680
vn 0.4848 0.8635 -0.1392
vn 0.4878 0.8729 0.0090
vn 0.3766 0.9262 0.0178
vn 0.1702 0.9851 0.0231
vn 0.2537 0.9198 -0.2993
vn 0.9997 0.0106 0.0216
vn 0.9993 -0.0219 -0.0293
vn 0.8846 -0.0158 -0.4660
vn 0.8743 -0.0060 -0.4854
vn 0.2371 -0.9658 0.1051
vn 0.2673 -0.8981 0.3493
vn 0.1701 -0.9084 0.3821
vn 0.1281 -0.9854 0.1124
vn 0.3332 -0.8804 -0.3374
vn 0.2178 -0.8924 -0.3951
vn 0.2147 0.9294 0.3001
vn 0.4467 0.8588 0.2509
vn 0.9339 0.0688 0.3508
vn 0.4340 -0.7053 0.5606
vn -0.0000 -0.9102 -0.4143
vn -0.0000 -0.9108 0.4128
vn -0.0000 -0.9933 0.1158
vn 0.5080 0.8377 0.2007
vn 0.5068 0.7748 0.3779
vn 0.4346 0.8135 -0.3865
vn 0.6759 -0.1117 0.7285
vn 0.7006 -0.0326 0.7128
vn 0.9174 -0.0257 0.3972
vn 0.8763 -0.0170 0.4815
vn -0.9316 -0.2944 0.2133
vn -0.9727 -0.0026 0.2321
vn -0.7613 -0.0274 0.6479
vn -0.6246 -0.3559 0.6951
vn 0.6336 -0.0091 -0.7736
vn 0.6615 -0.1069 -0.7423
vn -0.5888 -0.3130 -0.7453
vn -0.7524 0.0165 -0.6585
vn 0.8186 0.0902 0.5672
vn 0.9368 0.1148 0.3306
vn 0.9448 0.1225 0.3040
vn 0.8171 0.1263 0.5625
vn 0.6501 0.1223 0.7500
vn 0.3293 0.1151 0.9372
vn 0.3565 0.0824 0.9306
vn 0.6601 0.0812 0.7467
vn -0.0000 0.1170 0.9931
vn -0.0000 0.0875 0.9962
vn -0.0000 0.1319 -0.9913
vn 0.3086 0.1279 -0.9426
vn 0.3539 0.0717 -0.9325
vn -0.0000 0.0766 -0.9971
vn 0.6176 0.1188 -0.7775
vn 0.6507 0.0678 -0.7563
vn 0.8182 0.1123 -0.5638
vn 0.9506 0.1178 -0.2871
vn 0.9423 0.1128 -0.3152
vn 0.8197 0.0803 -0.5671
vn 0.9908 0.1318 0.0315
vn 0.9918 0.1257 0.0253
vn -0.0016 0.5590 0.8292
vn 0.2724 0.5453 0.7928
vn 0.4838 0.5353 0.6924
vn 0.7225 0.4989 0.4787
vn 0.9088 0.3786 0.1753
vn 0.8929 0.4227 -0.1553
vn 0.9474 0.3201 -0.0022
vn 0.6818 0.5615 -0.4688
vn 0.4203 0.5009 -0.7566
vn 0.2377 0.4174 -0.8771
vn -0.0020 0.3941 -0.9191
vn 0.0159 0.9488 -0.3153
vn 0.0090 0.6076 -0.7942
vn 0.0033 0.0083 -1.0000
vn 0.0163 0.9998 0.0088
vn 0.0027 0.1120 0.9937
vn 0.0084 0.6386 0.7695
vn 0.0145 0.9434 0.3314
vn 0.0083 -0.5975 -0.8018
vn 0.0053 -0.4835 0.8753
vn 0.0140 -0.8828 0.4696
vn -0.0000 -0.6377 -0.7703
vn 0.2538 -0.6169 -0.7450
vn 0.2326 -0.6854 -0.6900
vn -0.0000 -0.6812 -0.7321
vn 0.3421 -0.5723 -0.7453
vn 0.3221 -0.7028 -0.6343
vn 0.1075 -0.1888 -0.9761
vn -0.1666 -0.2320 -0.9583
vn -0.1147 -0.2640 0.9577
vn -0.2715 -0.0444 0.9614
vn 0.0793 -0.0443 0.9959
vn 0.1749 -0.2042 0.9632
vn 0.3992 -0.5378 0.7426
vn 0.3295 -0.7226 0.6077
vn 0.3009 -0.6134 0.7302
vn 0.2362 -0.7484 0.6197
vn -0.0000 -0.6160 0.7878
vn -0.0000 -0.7553 0.6554
vn -0.2393 -0.7939 -0.5589
vn -0.0031 -0.7845 -0.6201
vn -0.0260 0.0126 -0.9996
vn -0.3840 0.0184 -0.9232
vn 0.5475 -0.2718 -0.7914
vn 0.4337 -0.4488 -0.7813
vn 0.3079 -0.5307 -0.7897
vn 0.3617 -0.3598 -0.8601
vn 0.4587 -0.4531 0.7644
vn 0.5707 -0.2620 0.7782
vn 0.4003 -0.3417 0.8503
vn 0.3463 -0.5161 0.7834
vn -0.0000 -0.5495 -0.8355
vn -0.0000 -0.3824 -0.9240
vn -0.0000 -0.3570 0.9341
vn -0.0000 -0.5120 0.8590
vn 0.4117 -0.1805 0.8933
vn 0.4145 -0.0399 0.9092
vn 0.3155 0.0003 -0.9489
vn 0.3745 -0.1820 -0.9092
vn 0.5503 -0.8169 -0.1727
vn 0.5524 -0.7369 -0.3896
vn -0.6149 -0.7422 -0.2667
vn -0.5026 -0.8635 -0.0424
vn 0.5593 -0.8266 -0.0626
vn 0.5207 -0.8512 -0.0652
vn 0.2109 -0.7289 -0.6514
vn 0.4784 -0.5646 -0.6726
vn -0.5523 -0.6157 -0.5620
vn -0.6071 -0.7933 0.0453
vn -0.5875 -0.8091 0.0101
vn 0.8173 0.5731 -0.0597
vn 0.5001 0.8646 0.0485
vn 0.4022 0.8874 0.2255
vn 0.7973 0.6024 0.0381
vn -0.8208 0.5509 0.1510
vn -0.4614 0.8492 0.2569
vn -0.5135 0.8483 0.1295
vn -0.8382 0.5417 0.0629
vn -0.5526 -0.8330 0.0263
vn -0.5721 -0.8169 0.0735
vn 0.5545 -0.8309 0.0463
vn 0.5314 -0.8459 -0.0461
vn -0.0374 0.9891 0.1421
vn -0.0326 0.9560 0.2915
vn -0.6074 0.5816 0.5411
vn 0.0262 0.7177 0.6959
vn 0.6866 0.5945 0.4185
vn 0.9071 0.3943 0.1473
vn -0.9171 0.3336 0.2181
vn -0.9941 0.0873 0.0649
vn -0.9966 0.0705 0.0423
vn -0.9780 0.2064 0.0306
vn -0.9755 0.2031 0.0850
vn -0.9858 0.1331 0.1020
vn -0.9952 0.0952 0.0206
vn -0.9968 0.0649 -0.0465
vn -0.9267 0.0384 -0.3738
vn -0.9163 0.0494 -0.3974
vn -0.9939 0.0817 -0.0743
vn -0.7286 0.0132 -0.6848
vn -0.7131 0.0112 -0.7009
vn -0.4058 -0.0080 -0.9139
vn -0.4024 -0.0192 -0.9152
vn 0.5843 -0.0035 -0.8115
vn 0.3069 -0.0198 -0.9515
vn 0.3166 0.0148 -0.9484
vn 0.6038 0.0410 -0.7961
vn 0.8547 0.0758 -0.5136
vn 0.8327 0.0334 -0.5526
vn 0.9701 0.1219 -0.2099
vn 0.9593 0.0814 -0.2705
vn 0.9787 0.2052 0.0053
vn 0.9515 0.3010 -0.0634
vn 0.9814 0.1591 -0.1075
vn 0.9869 0.1334 -0.0912
vn 0.9491 0.2968 -0.1050
vn 0.9850 0.1428 -0.0967
vn -0.0279 -0.0030 -0.9996
vn -0.0158 -0.0258 -0.9995
vn 0.4944 -0.0236 0.8689
vn 0.9063 0.0347 0.4213
vn 0.8960 0.2137 0.3893
vn 0.4645 0.1748 0.8682
vn -0.0068 0.1892 0.9819
vn -0.4945 0.1662 0.8531
vn -0.5132 -0.0073 0.8582
vn 0.0001 -0.0371 0.9993
vn -0.8924 0.1527 0.4247
vn -0.9076 0.0469 0.4172
vn 0.9923 0.0944 0.0800
vn 0.9636 0.2615 0.0558
vn -0.9894 0.0611 0.1319
vn -0.9776 0.1642 0.1320
vn 0.9880 0.0483 -0.1465
vn 0.8739 0.0331 -0.4849
vn 0.9789 0.1198 0.1655
vn -0.9691 0.0873 0.2307
vn -0.9364 0.0231 -0.3501
vn -0.9994 0.0329 -0.0101
vn -0.7391 0.0167 -0.6734
vn 0.6118 0.0282 -0.7905
vn -0.0324 0.0109 -0.9994
vn -0.3986 0.0088 -0.9171
vn 0.0023 -0.9184 0.3956
vn -0.2221 -0.9103 0.3492
vn -0.0178 0.7668 0.6416
vn -0.4664 0.6710 0.5764
vn 0.3969 0.6854 0.6105
vn 0.7508 0.5862 0.3044
vn -0.7927 0.4878 0.3657
vn 0.3283 0.0180 -0.9444
vn 0.2241 -0.9046 0.3627
vn 0.5857 -0.7683 0.2582
vn -0.6165 -0.7397 0.2699
vn 0.0185 -0.9946 0.1022
vn 0.0171 -0.9332 -0.3591
vn 0.4126 -0.0395 0.9100
vn 0.7237 -0.0307 0.6894
vn 0.0425 -0.0445 0.9981
vn -0.3837 -0.0425 0.9225
vn -0.8369 -0.0213 0.5470
vn -0.9737 -0.0019 0.2278
vn -0.9999 0.0116 0.0026
vn -0.9583 0.0137 -0.2856
vn -0.7599 0.0167 -0.6498
vn -0.4164 0.0186 -0.9090
vn -0.0838 0.0141 -0.9964
vn 0.2645 0.0030 -0.9644
vn 0.5823 -0.0076 -0.8130
vn 0.8703 -0.0154 -0.4923
vn 0.9987 -0.0212 -0.0455
vn 0.9243 -0.0246 0.3810
vn 0.0159 -0.8995 0.4367
vn 0.0087 -0.5351 0.8447
vn 0.0196 -0.9961 0.0857
vn 0.0183 -0.9383 -0.3453
vn 0.0119 -0.6397 -0.7686
vn 0.0082 -0.0697 -0.9975
vn 0.0125 0.5500 -0.8351
vn 0.0176 0.9365 -0.3503
vn 0.0152 0.9999 0.0035
vn 0.0113 0.9383 0.3458
vn 0.0054 0.5964 0.8027
vn 0.0035 0.0320 0.9995
vn -0.0000 -0.0657 -0.9978
vn 0.3762 -0.0565 -0.9248
vn 0.3747 -0.2123 -0.9025
vn -0.0000 -0.2338 -0.9723
vn 0.6479 -0.0255 -0.7613
vn 0.6097 -0.1463 -0.7790
vn 0.7930 0.0214 -0.6089
vn 0.7394 -0.0612 -0.6705
vn 0.7463 -0.0647 0.6624
vn 0.9002 0.0332 0.4343
vn 0.9202 0.0811 0.3830
vn 0.7973 0.0271 0.6030
vn 0.6597 -0.0079 0.7515
vn 0.6235 -0.1448 0.7683
vn 0.3896 -0.0197 0.9208
vn 0.4101 -0.1845 0.8932
vn -0.0000 -0.0174 0.9998
vn -0.0000 -0.1903 0.9817
vn 0.9008 0.0361 -0.4327
vn 0.9237 0.0781 -0.3750
vn 0.9943 0.1029 0.0288
vn 0.9976 0.0644 0.0235
vn 0.0007 -0.9032 0.4292
vn 0.1351 -0.9026 0.4088
vn 0.2500 -0.8994 0.3584
vn 0.3557 -0.8937 0.2734
vn 0.4340 -0.8902 0.1384
vn 0.4549 -0.8905 0.0007
vn 0.4461 -0.8846 -0.1357
vn 0.3778 -0.8815 -0.2833
vn 0.2548 -0.8917 -0.3741
vn 0.1330 -0.9000 -0.4152
vn 0.0007 -0.9030 -0.4296
vn -0.6138 0.2740 0.7403
vn -0.2755 0.3245 0.9049
vn -0.2535 0.5950 0.7627
vn -0.5248 0.5640 0.6375
vn -0.4385 0.5794 -0.6871
vn -0.2526 0.6050 -0.7551
vn -0.2719 0.3651 -0.8904
vn -0.5285 0.3287 -0.7827
vn -0.2854 0.1817 -0.9410
vn -0.5874 0.1684 -0.7916
vn -0.6496 0.1571 0.7439
vn -0.3083 0.1592 0.9379
vn -0.2795 0.6334 0.7216
vn -0.3417 0.1477 0.9281
vn -0.7239 0.2198 0.6540
vn -0.6162 0.5663 0.5473
vn -0.7887 0.1289 0.6012
vn -0.3966 -0.3074 0.8650
vn -0.5359 0.5974 -0.5966
vn -0.6399 0.2591 -0.7234
vn -0.4067 0.0902 -0.9091
vn -0.3481 0.5777 -0.7383
vn -0.7678 0.1128 -0.6306
vn -0.4268 -0.4253 -0.7981
vn -0.2108 0.8004 0.5612
vn -0.4059 0.7842 0.4694
vn -0.1878 0.8310 -0.5236
vn -0.3327 0.7982 -0.5022
vn -0.9398 0.0188 -0.3413
vn -0.9991 0.0353 0.0246
vn -0.3841 -0.9163 0.1134
vn -0.3784 -0.8306 -0.4086
vn 0.9251 -0.2798 -0.2566
vn 0.9719 -0.2354 0.0012
vn 0.9999 0.0115 0.0037
vn 0.9592 0.0134 -0.2824
vn -0.2415 -0.9704 -0.0001
vn -0.2873 -0.9550 -0.0740
vn -0.1590 -0.9856 -0.0572
vn -0.1251 -0.9921 -0.0000
vn -0.4197 0.8920 -0.1680
vn -0.3766 0.9262 0.0178
vn -0.4878 0.8729 0.0090
vn -0.4848 0.8635 -0.1392
vn -0.2537 0.9198 -0.2993
vn -0.1702 0.9851 0.0231
vn -0.9997 0.0106 0.0216
vn -0.8743 -0.0060 -0.4854
vn -0.8846 -0.0158 -0.4660
vn -0.9993 -0.0219 -0.0293
vn -0.2371 -0.9658 0.1051
vn -0.1281 -0.9854 0.1124
vn -0.1701 -0.9084 0.3821
vn -0.2673 -0.8981 0.3493
vn -0.3332 -0.8804 -0.3374
vn -0.2178 -0.8924 -0.3952
vn -0.4467 0.8588 0.2509
vn -0.2147 0.9294 0.3001
vn -0.9339 0.0688 0.3508
vn -0.4340 -0.7053 0.5606
vn -0.5068 0.7748 0.3779
vn -0.5080 0.8377 0.2007
vn -0.4346 0.8135 -0.3865
vn -0.6759 -0.1117 0.7285
vn -0.8763 -0.0170 0.4815
vn -0.9174 -0.0257 0.3972
vn -0.7006 -0.0326 0.7128
vn 0.9316 -0.2944 0.2133
vn 0.6246 -0.3559 0.6951
vn 0.7613 -0.0274 0.6478
vn 0.9727 -0.0026 0.2321
vn -0.6615 -0.1069 -0.7423
vn -0.6336 -0.0091 -0.7736
vn 0.5888 -0.3130 -0.7452
vn 0.7524 0.0165 -0.6585
vn -0.8186 0.0902 0.5672
vn -0.8171 0.1263 0.5625
vn -0.9448 0.1224 0.3040
vn -0.9368 0.1148 0.3306
vn -0.6501 0.1223 0.7499
vn -0.6601 0.0812 0.7467
vn -0.3565 0.0824 0.9306
vn -0.3293 0.1151 0.9372
vn -0.3539 0.0717 -0.9325
vn -0.3086 0.1279 -0.9426
vn -0.6507 0.0679 -0.7563
vn -0.6176 0.1188 -0.7775
vn -0.8182 0.1123 -0.5638
vn -0.8197 0.0803 -0.5671
vn -0.9423 0.1128 -0.3151
vn -0.9506 0.1178 -0.2871
vn -0.9908 0.1318 0.0315
vn -0.9918 0.1257 0.0253
vn -0.2726 0.5549 0.7860
vn -0.4770 0.5588 0.6784
vn -0.7049 0.5373 0.4631
vn -0.8872 0.4294 0.1689
vn -0.9278 0.3732 -0.0023
vn -0.8707 0.4683 -0.1501
vn -0.6651 0.5945 -0.4519
vn -0.4156 0.5273 -0.7411
vn -0.2384 0.4300 -0.8708
vn -0.0090 0.6076 -0.7942
vn -0.0160 0.9489 -0.3153
vn -0.0033 0.0083 -1.0000
vn -0.0164 0.9998 0.0087
vn -0.0084 0.6386 0.7695
vn -0.0027 0.1120 0.9937
vn -0.0145 0.9434 0.3314
vn -0.0083 -0.5975 -0.8018
vn -0.0053 -0.4835 0.8753
vn -0.0141 -0.8828 0.4696
vn -0.2326 -0.6854 -0.6900
vn -0.2538 -0.6169 -0.7450
vn -0.3221 -0.7028 -0.6343
vn -0.3421 -0.5723 -0.7453
vn 0.1666 -0.2320 -0.9583
vn -0.1075 -0.1888 -0.9761
vn 0.1147 -0.2640 0.9577
vn -0.1749 -0.2042 0.9632
vn -0.0793 -0.0443 0.9959
vn 0.2715 -0.0444 0.9614
vn -0.3295 -0.7226 0.6077
vn -0.3992 -0.5378 0.7426
vn -0.2362 -0.7484 0.6197
vn -0.3009 -0.6134 0.7302
vn 0.0031 -0.7845 -0.6201
vn 0.2393 -0.7939 -0.5589
vn 0.3840 0.0184 -0.9232
vn 0.0260 0.0126 -0.9996
vn -0.5475 -0.2718 -0.7914
vn -0.3617 -0.3598 -0.8601
vn -0.3079 -0.5307 -0.7897
vn -0.4337 -0.4488 -0.7813
vn -0.4588 -0.4531 0.7644
vn -0.3463 -0.5161 0.7834
vn -0.4003 -0.3417 0.8503
vn -0.5707 -0.2620 0.7782
vn -0.4117 -0.1805 0.8933
vn -0.4145 -0.0399 0.9092
vn -0.3746 -0.1821 -0.9091
vn -0.3155 0.0003 -0.9489
vn -0.5503 -0.8169 -0.1727
vn -0.5524 -0.7369 -0.3896
vn 0.6148 -0.7422 -0.2667
vn 0.5026 -0.8635 -0.0424
vn -0.5593 -0.8266 -0.0625
vn -0.5207 -0.8512 -0.0652
vn -0.4783 -0.5646 -0.6726
vn -0.2109 -0.7289 -0.6514
vn 0.5523 -0.6157 -0.5620
vn 0.5875 -0.8091 0.0101
vn 0.6071 -0.7933 0.0453
vn -0.8173 0.5731 -0.0597
vn -0.7973 0.6024 0.0381
vn -0.4021 0.8874 0.2255
vn -0.5001 0.8646 0.0485
vn 0.8208 0.5509 0.1510
vn 0.8382 0.5417 0.0629
vn 0.5135 0.8483 0.1295
vn 0.4614 0.8492 0.2569
vn 0.5526 -0.8330 0.0263
vn 0.5721 -0.8169 0.0735
vn -0.5545 -0.8309 0.0462
vn -0.5314 -0.8459 -0.0462
vn 0.0374 0.9891 0.1421
vn 0.0325 0.9560 0.2915
vn 0.6074 0.5816 0.5411
vn -0.0262 0.7177 0.6959
vn 0.0178 0.7668 0.6416
vn 0.4664 0.6710 0.5764
vn 0.2220 -0.9103 0.3493
vn -0.0023 -0.9184 0.3956
vn -0.6866 0.5945 0.4185
vn -0.9071 0.3943 0.1473
vn 0.9171 0.3336 0.2181
vn -0.7508 0.5862 0.3044
vn -0.3969 0.6854 0.6105
vn 0.7927 0.4878 0.3657
vn 0.6165 -0.7397 0.2699
vn -0.2241 -0.9046 0.3627
vn -0.5857 -0.7683 0.2582
vn 0.9941 0.0874 0.0649
vn 0.9755 0.2031 0.0850
vn 0.9780 0.2063 0.0306
vn 0.9966 0.0705 0.0423
vn 0.9952 0.0952 0.0206
vn 0.9858 0.1331 0.1020
vn 0.9968 0.0649 -0.0465
vn 0.9939 0.0817 -0.0742
vn 0.9163 0.0494 -0.3974
vn 0.9267 0.0384 -0.3739
vn 0.7131 0.0112 -0.7009
vn 0.7286 0.0132 -0.6848
vn 0.4024 -0.0192 -0.9153
vn 0.4058 -0.0080 -0.9139
vn -0.5843 -0.0035 -0.8115
vn -0.6038 0.0410 -0.7961
vn -0.3165 0.0148 -0.9485
vn -0.3069 -0.0198 -0.9515
vn -0.8327 0.0334 -0.5526
vn -0.8547 0.0758 -0.5136
vn -0.9593 0.0814 -0.2705
vn -0.9701 0.1219 -0.2099
vn -0.9787 0.2052 0.0053
vn -0.9869 0.1334 -0.0912
vn -0.9814 0.1591 -0.1075
vn -0.9515 0.3010 -0.0634
vn -0.9850 0.1428 -0.0967
vn -0.9491 0.2968 -0.1050
vn 0.0158 -0.0258 -0.9995
vn 0.0279 -0.0030 -0.9996
vn -0.4944 -0.0236 0.8689
vn -0.4645 0.1748 0.8682
vn -0.8960 0.2137 0.3893
vn -0.9063 0.0347 0.4213
vn 0.0067 0.1892 0.9819
vn -0.0001 -0.0371 0.9993
vn 0.5132 -0.0073 0.8582
vn 0.4945 0.1662 0.8531
vn 0.9076 0.0469 0.4172
vn 0.8924 0.1527 0.4247
vn -0.9636 0.2615 0.0558
vn -0.9923 0.0944 0.0800
vn 0.9894 0.0611 0.1319
vn 0.9776 0.1642 0.1320
vn -0.9880 0.0483 -0.1465
vn -0.8739 0.0331 -0.4849
vn -0.9789 0.1199 0.1655
vn 0.9691 0.0873 0.2307
vn 0.9364 0.0231 -0.3501
vn 0.9994 0.0329 -0.0101
vn 0.7391 0.0167 -0.6734
vn -0.6118 0.0282 -0.7905
vn 0.0324 0.0109 -0.9994
vn 0.3986 0.0088 -0.9171
vn -0.3283 0.0180 -0.9444
vn -0.0185 -0.9946 0.1022
vn -0.0171 -0.9332 -0.3591
vn -0.0035 0.0318 0.9995
vn -0.0054 0.5963 0.8028
vn -0.0050 0.6380 0.7701
vn -0.0214 0.0935 0.9954
vn -0.0087 -0.5351 0.8447
vn -0.0402 -0.5245 0.8505
vn -0.0160 -0.8995 0.4366
vn -0.0568 -0.9031 0.4256
vn -0.0197 -0.9961 0.0858
vn -0.0669 -0.9943 0.0835
vn -0.0184 -0.9383 -0.3453
vn -0.0608 -0.9438 -0.3250
vn -0.0119 -0.6397 -0.7685
vn -0.0489 -0.6304 -0.7747
vn -0.0082 -0.0698 -0.9975
vn -0.0567 0.0026 -0.9984
vn -0.0126 0.5499 -0.8351
vn -0.0689 0.6094 -0.7898
vn -0.0177 0.9365 -0.3503
vn -0.0599 0.9398 -0.3363
vn -0.0153 0.9999 0.0035
vn -0.0393 0.9989 -0.0241
vn -0.0113 0.9383 0.3457
vn -0.0114 0.9357 0.3526
vn -0.7237 -0.0307 0.6894
vn -0.4126 -0.0395 0.9100
vn -0.0424 -0.0445 0.9981
vn 0.3837 -0.0425 0.9225
vn 0.8369 -0.0213 0.5470
vn 0.9737 -0.0019 0.2278
vn 0.9999 0.0116 0.0026
vn 0.9583 0.0137 -0.2856
vn 0.7599 0.0167 -0.6498
vn 0.4164 0.0186 -0.9090
vn 0.0838 0.0141 -0.9964
vn -0.2645 0.0030 -0.9644
vn -0.5823 -0.0076 -0.8130
vn -0.8703 -0.0154 -0.4923
vn -0.9987 -0.0212 -0.0455
vn -0.9243 -0.0246 0.3810
vn -0.3747 -0.2123 -0.9025
vn -0.3762 -0.0565 -0.9248
vn -0.6097 -0.1463 -0.7790
vn -0.6479 -0.0255 -0.7613
vn -0.7394 -0.0612 -0.6705
vn -0.7930 0.0214 -0.6089
vn -0.7463 -0.0647 0.6624
vn -0.7973 0.0271 0.6030
vn -0.9202 0.0811 0.3830
vn -0.9002 0.0332 0.4343
vn -0.6235 -0.1448 0.7683
vn -0.6597 -0.0079 0.7515
vn -0.4101 -0.1845 0.8932
vn -0.3896 -0.0197 0.9208
vn -0.9008 0.0361 -0.4327
vn -0.9237 0.0781 -0.3750
vn -0.9976 0.0644 0.0235
vn -0.9943 0.1028 0.0288
vn -0.1346 -0.9014 0.4115
vn -0.2515 -0.8974 0.3625
vn -0.3601 -0.8904 0.2784
vn -0.4421 -0.8857 0.1419
vn -0.4639 -0.8859 0.0008
vn -0.4555 -0.8793 -0.1392
vn -0.3831 -0.8771 -0.2898
vn -0.2556 -0.8899 -0.3779
vn -0.1328 -0.8990 -0.4173
vn 0.3808 -0.8823 -0.2767
vn 0.4477 -0.8823 -0.1455
vn 0.2767 -0.8823 -0.3808
vn 0.1455 -0.8823 -0.4477
vn -0.0000 -0.8823 -0.4708
vn -0.1455 -0.8823 -0.4477
vn -0.2767 -0.8823 -0.3808
vn -0.3808 -0.8823 -0.2767
vn -0.4477 -0.8823 -0.1455
vn -0.4708 -0.8823 -0.0000
vn -0.4477 -0.8823 0.1455
vn -0.3808 -0.8823 0.2767
vn -0.2767 -0.8823 0.3808
vn -0.1455 -0.8823 0.4477
vn -0.0000 -0.8823 0.4708
vn 0.1455 -0.8823 0.4477
vn 0.2767 -0.8823 0.3808
vn 0.3808 -0.8823 0.2767
vn 0.4477 -0.8823 0.1455
vn 0.4708 -0.8823 -0.0000
vn 0.4851 -0.8003 -0.3525
vn 0.5703 -0.8003 -0.1853
vn 0.3525 -0.8003 -0.4851
vn 0.1853 -0.8003 -0.5703
vn -0.0000 -0.8003 -0.5996
vn -0.1853 -0.8003 -0.5703
vn -0.3525 -0.8003 -0.4851
vn -0.4851 -0.8003 -0.3525
vn -0.5703 -0.8003 -0.1853
vn -0.5996 -0.8003 -0.0000
vn -0.5703 -0.8003 0.1853
vn -0.4851 -0.8003 0.3525
vn -0.3525 -0.8003 0.4851
vn -0.1853 -0.8003 0.5703
vn -0.0000 -0.8003 0.5996
vn 0.1853 -0.8003 0.5703
vn 0.3525 -0.8003 0.4851
vn 0.4851 -0.8003 0.3525
vn 0.5703 -0.8003 0.1853
vn 0.5996 -0.8003 -0.0000
vn 0.5787 -0.6988 -0.4204
vn 0.6803 -0.6988 -0.2210
vn 0.4205 -0.6988 -0.5787
vn 0.2210 -0.6988 -0.6803
vn -0.0000 -0.6988 -0.7153
vn -0.2210 -0.6988 -0.6803
vn -0.4205 -0.6988 -0.5787
vn -0.5787 -0.6988 -0.4205
vn -0.6803 -0.6988 -0.2210
vn -0.7153 -0.6988 -0.0000
vn -0.6803 -0.6988 0.2210
vn -0.5787 -0.6988 0.4205
vn -0.4205 -0.6988 0.5787
vn -0.2210 -0.6988 0.6803
vn -0.0000 -0.6988 0.7153
vn 0.2210 -0.6988 0.6803
vn 0.4205 -0.6988 0.5787
vn 0.5787 -0.6988 0.4204
vn 0.6803 -0.6988 0.2210
vn 0.7153 -0.6988 -0.0000
vn 0.6588 -0.5804 -0.4786
vn 0.7745 -0.5804 -0.2516
vn 0.4786 -0.5804 -0.6588
vn 0.2516 -0.5804 -0.7745
vn -0.0000 -0.5804 -0.8143
vn -0.2516 -0.5804 -0.7745
vn -0.4787 -0.5804 -0.6588
vn -0.6588 -0.5804 -0.4787
vn -0.7745 -0.5804 -0.2516
vn -0.8143 -0.5804 -0.0000
vn -0.7744 -0.5804 0.2516
vn -0.6588 -0.5804 0.4787
vn -0.4787 -0.5804 0.6588
vn -0.2516 -0.5804 0.7745
vn -0.0000 -0.5804 0.8143
vn 0.2516 -0.5804 0.7745
vn 0.4787 -0.5804 0.6588
vn 0.6588 -0.5804 0.4787
vn 0.7745 -0.5804 0.2516
vn 0.8143 -0.5804 -0.0000
vn 0.7233 -0.4480 -0.5255
vn 0.8503 -0.4480 -0.2763
vn 0.5255 -0.4481 -0.7233
vn 0.2763 -0.4480 -0.8503
vn -0.0000 -0.4480 -0.8940
vn -0.2763 -0.4480 -0.8503
vn -0.5255 -0.4480 -0.7233
vn -0.7233 -0.4480 -0.5255
vn -0.8503 -0.4480 -0.2763
vn -0.8940 -0.4480 -0.0000
vn -0.8503 -0.4480 0.2763
vn -0.7233 -0.4480 0.5255
vn -0.5255 -0.4480 0.7233
vn -0.2763 -0.4480 0.8503
vn -0.0000 -0.4480 0.8940
vn 0.2763 -0.4480 0.8503
vn 0.5255 -0.4480 0.7233
vn 0.7233 -0.4480 0.5255
vn 0.8503 -0.4480 0.2763
vn 0.8940 -0.4480 -0.0000
vn 0.7705 -0.3048 -0.5598
vn 0.9058 -0.3048 -0.2943
vn 0.5598 -0.3048 -0.7705
vn 0.2943 -0.3048 -0.9058
vn -0.0000 -0.3048 -0.9524
vn -0.2943 -0.3048 -0.9058
vn -0.5598 -0.3048 -0.7705
vn -0.7705 -0.3048 -0.5598
vn -0.9058 -0.3048 -0.2943
vn -0.9524 -0.3048 -0.0000
vn -0.9058 -0.3048 0.2943
vn -0.7705 -0.3047 0.5598
vn -0.5598 -0.3048 0.7705
vn -0.2943 -0.3048 0.9058
vn -0.0000 -0.3048 0.9524
vn 0.2943 -0.3048 0.9058
vn 0.5598 -0.3048 0.7705
vn 0.7705 -0.3048 0.5598
vn 0.9058 -0.3048 0.2943
vn 0.9524 -0.3048 -0.0000
vn 0.7993 -0.1543 -0.5807
vn 0.9397 -0.1542 -0.3053
vn 0.5807 -0.1543 -0.7993
vn 0.3053 -0.1543 -0.9397
vn -0.0000 -0.1543 -0.9880
vn -0.3053 -0.1543 -0.9397
vn -0.5807 -0.1543 -0.7993
vn -0.7993 -0.1542 -0.5808
vn -0.9397 -0.1543 -0.3053
vn -0.9880 -0.1543 -0.0000
vn -0.9397 -0.1543 0.3053
vn -0.7993 -0.1543 0.5807
vn -0.5807 -0.1543 0.7993
vn -0.3053 -0.1543 0.9397
vn -0.0000 -0.1543 0.9880
vn 0.3053 -0.1543 0.9397
vn 0.5808 -0.1542 0.7993
vn 0.7993 -0.1542 0.5808
vn 0.9397 -0.1543 0.3053
vn 0.9880 -0.1543 -0.0000
vn 0.8090 -0.0000 -0.5878
vn 0.9511 -0.0000 -0.3090
vn 0.5878 -0.0000 -0.8090
vn 0.3090 -0.0000 -0.9511
vn -0.0000 -0.0000 -1.0000
vn -0.3090 -0.0000 -0.9511
vn -0.5878 -0.0000 -0.8090
vn -0.8090 -0.0000 -0.5878
vn -0.9511 -0.0000 -0.3090
vn -1.0000 -0.0000 -0.0000
vn -0.9511 -0.0000 0.3090
vn -0.8090 -0.0000 0.5878
vn -0.5878 -0.0000 0.8090
vn -0.3090 -0.0000 0.9511
vn -0.0000 -0.0000 1.0000
vn 0.3090 -0.0000 0.9511
vn 0.5878 -0.0000 0.8090
vn 0.8090 -0.0000 0.5878
vn 0.9511 -0.0000 0.3090
vn 1.0000 -0.0000 -0.0000
vn 0.7993 0.1543 -0.5807
vn 0.9396 0.1544 -0.3053
vn 0.5807 0.1543 -0.7993
vn 0.3053 0.1543 -0.9397
vn -0.0000 0.1543 -0.9880
vn -0.3053 0.1544 -0.9396
vn -0.5807 0.1543 -0.7993
vn -0.7993 0.1542 -0.5808
vn -0.9396 0.1544 -0.3053
vn -0.9880 0.1543 -0.0000
vn -0.9397 0.1543 0.3053
vn -0.7993 0.1542 0.5808
vn -0.5808 0.1542 0.7993
vn -0.3053 0.1543 0.9397
vn -0.0000 0.1542 0.9880
vn 0.3053 0.1543 0.9397
vn 0.5807 0.1543 0.7993
vn 0.7993 0.1543 0.5807
vn 0.9396 0.1544 0.3053
vn 0.9880 0.1543 -0.0000
vn 0.7705 0.3048 -0.5598
vn 0.9058 0.3048 -0.2943
vn 0.5598 0.3048 -0.7705
vn 0.2943 0.3048 -0.9058
vn -0.0000 0.3047 -0.9524
vn -0.2943 0.3048 -0.9058
vn -0.5598 0.3048 -0.7705
vn -0.7705 0.3048 -0.5598
vn -0.9058 0.3048 -0.2943
vn -0.9524 0.3048 -0.0000
vn -0.9058 0.3048 0.2943
vn -0.7705 0.3048 0.5598
vn -0.5598 0.3048 0.7705
vn -0.2943 0.3048 0.9058
vn -0.0000 0.3048 0.9524
vn 0.2943 0.3048 0.9058
vn 0.5598 0.3048 0.7705
vn 0.7705 0.3048 0.5598
vn 0.9058 0.3048 0.2943
vn 0.9524 0.3048 -0.0000
vn 0.7233 0.4480 -0.5255
vn 0.8503 0.4480 -0.2763
vn 0.5255 0.4480 -0.7233
vn 0.2763 0.4480 -0.8503
vn -0.0000 0.4480 -0.8940
vn -0.2763 0.4480 -0.8503
vn -0.5255 0.4481 -0.7233
vn -0.7233 0.4480 -0.5255
vn -0.8503 0.4480 -0.2763
vn -0.8940 0.4480 -0.0000
vn -0.8503 0.4480 0.2763
vn -0.7233 0.4480 0.5255
vn -0.5255 0.4480 0.7233
vn -0.2763 0.4480 0.8503
vn -0.0000 0.4480 0.8940
vn 0.2763 0.4480 0.8503
vn 0.5255 0.4480 0.7233
vn 0.7233 0.4480 0.5255
vn 0.8502 0.4481 0.2763
vn 0.8940 0.4480 -0.0000
vn 0.6588 0.5804 -0.4787
vn 0.7745 0.5804 -0.2516
vn 0.4787 0.5804 -0.6588
vn 0.2516 0.5804 -0.7745
vn -0.0000 0.5804 -0.8143
vn -0.2516 0.5804 -0.7745
vn -0.4787 0.5804 -0.6588
vn -0.6588 0.5804 -0.4787
vn -0.7744 0.5804 -0.2516
vn -0.8143 0.5804 -0.0000
vn -0.7745 0.5804 0.2516
vn -0.6588 0.5804 0.4787
vn -0.4787 0.5804 0.6588
vn -0.2516 0.5804 0.7745
vn -0.0000 0.5804 0.8143
vn 0.2516 0.5804 0.7745
vn 0.4787 0.5804 0.6588
vn 0.6588 0.5804 0.4787
vn 0.7744 0.5804 0.2516
vn 0.8143 0.5804 -0.0000
vn 0.5787 0.6988 -0.4205
vn 0.6803 0.6988 -0.2210
vn 0.4205 0.6988 -0.5787
vn 0.2210 0.6988 -0.6803
vn -0.0000 0.6988 -0.7153
vn -0.2210 0.6988 -0.6803
vn -0.4205 0.6988 -0.5787
vn -0.5787 0.6988 -0.4205
vn -0.6803 0.6988 -0.2210
vn -0.7153 0.6988 -0.0000
vn -0.6803 0.6988 0.2210
vn -0.5787 0.6988 0.4205
vn -0.4205 0.6988 0.5787
vn -0.2210 0.6988 0.6803
vn -0.0000 0.6988 0.7153
vn 0.2210 0.6988 0.6803
vn 0.4205 0.6988 0.5787
vn 0.5787 0.6988 0.4205
vn 0.6803 0.6988 0.2210
vn 0.7153 0.6988 -0.0000
vn 0.4851 0.8003 -0.3525
vn 0.5703 0.8003 -0.1853
vn 0.3525 0.8003 -0.4851
vn 0.1853 0.8002 -0.5703
vn -0.0000 0.8003 -0.5996
vn -0.1853 0.8003 -0.5703
vn -0.3525 0.8003 -0.4851
vn -0.4851 0.8003 -0.3525
vn -0.5703 0.8003 -0.1853
vn -0.5996 0.8003 -0.0000
vn -0.5703 0.8003 0.1853
vn -0.4851 0.8003 0.3525
vn -0.3525 0.8003 0.4851
vn -0.1853 0.8002 0.5703
vn -0.0000 0.8002 0.5997
vn 0.1853 0.8003 0.5703
vn 0.3525 0.8003 0.4851
vn 0.4851 0.8003 0.3525
vn 0.5703 0.8003 0.1853
vn 0.5997 0.8002 -0.0000
vn 0.3808 0.8823 -0.2767
vn 0.4477 0.8823 -0.1455
vn 0.2767 0.8823 -0.3808
vn 0.1455 0.8823 -0.4477
vn -0.0000 0.8823 -0.4708
vn -0.1455 0.8823 -0.4477
vn -0.2767 0.8823 -0.3808
vn -0.3808 0.8823 -0.2767
vn -0.4477 0.8823 -0.1455
vn -0.4707 0.8823 -0.0000
vn -0.4477 0.8823 0.1455
vn -0.3808 0.8823 0.2767
vn -0.2767 0.8823 0.3808
vn -0.1455 0.8823 0.4477
vn -0.0000 0.8823 0.4708
vn 0.1455 0.8823 0.4477
vn 0.2767 0.8823 0.3808
vn 0.3808 0.8823 0.2767
vn 0.4477 0.8823 0.1455
vn 0.4708 0.8823 -0.0000
vn 0.2699 0.9427 -0.1961
vn 0.3173 0.9427 -0.1031
vn 0.1961 0.9427 -0.2699
vn 0.1031 0.9427 -0.3173
vn -0.0000 0.9427 -0.3336
vn -0.1031 0.9427 -0.3173
vn -0.1961 0.9427 -0.2699
vn -0.2699 0.9427 -0.1961
vn -0.3173 0.9427 -0.1031
vn -0.3336 0.9427 -0.0000
vn -0.3173 0.9427 0.1031
vn -0.2699 0.9427 0.1961
vn -0.1961 0.9427 0.2699
vn -0.1031 0.9427 0.3173
vn -0.0000 0.9427 0.3336
vn 0.1031 0.9427 0.3173
vn 0.1961 0.9427 0.2699
vn 0.2699 0.9427 0.1961
vn 0.3173 0.9427 0.1031
vn 0.3336 0.9427 -0.0000
vn 0.1621 0.9797 -0.1178
vn 0.1905 0.9797 -0.0619
vn 0.1178 0.9797 -0.1621
vn 0.0619 0.9797 -0.1905
vn -0.0000 0.9797 -0.2004
vn -0.0619 0.9797 -0.1905
vn -0.1178 0.9797 -0.1621
vn -0.1621 0.9797 -0.1178
vn -0.1905 0.9797 -0.0619
vn -0.2004 0.9797 -0.0000
vn -0.1905 0.9797 0.0619
vn -0.1621 0.9797 0.1178
vn -0.1178 0.9797 0.1621
vn -0.0619 0.9797 0.1905
vn -0.0000 0.9797 0.2004
vn 0.0619 0.9797 0.1905
vn 0.1178 0.9797 0.1621
vn 0.1621 0.9797 0.1178
vn 0.1905 0.9797 0.0619
vn 0.2004 0.9797 -0.0000
vn -0.0000 1.0000 -0.0000
vn 0.4681 -0.4943 0.7325
vn 0.5480 0.1171 0.8283
vn 0.5392 0.1171 0.8340
vn 0.4832 -0.5101 0.7115
vn 0.3093 -0.8850 0.3479
vn 0.2899 -0.8925 0.3456
vn 0.5425 0.0458 -0.8388
vn 0.4615 -0.5977 -0.6556
vn 0.4503 -0.6150 -0.6473
vn 0.5460 0.0431 -0.8367
vn 0.3979 0.6227 -0.6737
vn 0.4380 0.6233 -0.6478
vn 0.2516 0.9238 -0.2886
vn 0.2568 0.9231 -0.2861
vn 0.4172 0.6290 0.6560
vn 0.2808 0.9202 0.2728
vn 0.2733 0.9235 0.2691
vn 0.4496 0.6354 0.6278
vn 0.2066 0.9773 -0.0467
vn 0.1895 0.9811 -0.0390
vn 0.2222 -0.9721 0.0753
vn 0.1969 -0.9782 0.0653
vn 0.2962 -0.9222 -0.2488
vn 0.2743 -0.9274 -0.2545
vn 0.1544 0.1410 0.9779
vn 0.1251 -0.6008 0.7896
vn 0.0408 -0.9410 0.3358
vn 0.1076 -0.7022 -0.7038
vn 0.1570 0.0564 -0.9860
vn 0.1054 0.7125 -0.6937
vn 0.0293 0.9615 -0.2732
vn 0.0300 0.9660 0.2566
vn 0.1041 0.7306 0.6748
vn 0.0031 0.9993 -0.0372
vn 0.0043 -0.9981 0.0610
vn 0.0299 -0.9696 -0.2430
vn -0.1786 -0.6179 0.7657
vn -0.1955 0.1511 0.9690
vn -0.4328 0.1409 0.8904
vn -0.3900 -0.5802 0.7150
vn -0.1589 -0.9349 0.3174
vn -0.3135 -0.9000 0.3028
vn -0.1979 0.0556 -0.9787
vn -0.1845 -0.7168 -0.6724
vn -0.3913 -0.6725 -0.6282
vn -0.4366 0.0569 -0.8979
vn -0.1691 0.7237 -0.6691
vn -0.3649 0.6896 -0.6255
vn -0.1512 0.9539 -0.2594
vn -0.2951 0.9234 -0.2454
vn -0.1756 0.7411 0.6481
vn -0.1605 0.9565 0.2435
vn -0.3107 0.9220 0.2310
vn -0.3724 0.7031 0.6058
vn -0.1477 0.9884 -0.0346
vn -0.2744 0.9610 -0.0329
vn -0.1524 -0.9866 0.0576
vn -0.2802 -0.9583 0.0560
vn -0.1629 -0.9593 -0.2307
vn -0.3125 -0.9242 -0.2195
vn -0.6570 -0.4892 0.5736
vn -0.7014 0.1242 0.7018
vn -1.0000 0.0035 -0.0004
vn -0.5344 -0.8049 0.2579
vn -0.7109 0.0543 -0.7012
vn -0.6403 -0.5792 -0.5045
vn -0.6188 0.6001 -0.5069
vn -0.5091 0.8352 -0.2078
vn -0.6378 0.5975 0.4860
vn -0.5353 0.8225 0.1923
vn -0.4824 0.8754 -0.0307
vn -0.4972 -0.8661 0.0523
vn -0.5390 -0.8225 -0.1816
vn 0.0212 0.0931 0.9954
vn 0.0050 0.6378 0.7702
vn 0.0398 -0.5247 0.8504
vn 0.0562 -0.9032 0.4255
vn 0.0662 -0.9943 0.0834
vn 0.0601 -0.9438 -0.3250
vn 0.0483 -0.6306 -0.7746
vn 0.0561 0.0021 -0.9984
vn 0.0683 0.6092 -0.7901
vn 0.0594 0.9398 -0.3364
vn 0.0390 0.9989 -0.0241
vn 0.0113 0.9357 0.3526
vn -0.4681 -0.4943 0.7325
vn -0.4832 -0.5101 0.7115
vn -0.5392 0.1171 0.8340
vn -0.5480 0.1171 0.8283
vn -0.3093 -0.8850 0.3479
vn -0.2899 -0.8925 0.3456
vn -0.5425 0.0458 -0.8388
vn -0.5460 0.0431 -0.8367
vn -0.4503 -0.6150 -0.6473
vn -0.4615 -0.5977 -0.6556
vn -0.3979 0.6227 -0.6737
vn -0.4380 0.6233 -0.6478
vn -0.2516 0.9238 -0.2886
vn -0.2568 0.9231 -0.2861
vn -0.4172 0.6289 0.6560
vn -0.4496 0.6354 0.6278
vn -0.2733 0.9235 0.2691
vn -0.2807 0.9202 0.2728
vn -0.1895 0.9811 -0.0390
vn -0.2066 0.9773 -0.0467
vn -0.2222 -0.9721 0.0753
vn -0.1969 -0.9782 0.0653
vn -0.2743 -0.9274 -0.2545
vn -0.2962 -0.9222 -0.2488
vn -0.1251 -0.6008 0.7896
vn -0.1544 0.1410 0.9779
vn -0.0408 -0.9410 0.3358
vn -0.1570 0.0564 -0.9860
vn -0.1076 -0.7022 -0.7038
vn -0.1054 0.7125 -0.6937
vn -0.0293 0.9615 -0.2732
vn -0.1041 0.7306 0.6748
vn -0.0300 0.9660 0.2566
vn -0.0031 0.9993 -0.0372
vn -0.0043 -0.9981 0.0610
vn -0.0299 -0.9696 -0.2430
vn 0.1786 -0.6179 0.7657
vn 0.3900 -0.5802 0.7150
vn 0.4328 0.1409 0.8904
vn 0.1955 0.1511 0.9690
vn 0.1589 -0.9349 0.3174
vn 0.3135 -0.9000 0.3028
vn 0.1979 0.0556 -0.9787
vn 0.4366 0.0569 -0.8979
vn 0.3913 -0.6725 -0.6282
vn 0.1845 -0.7168 -0.6724
vn 0.1691 0.7236 -0.6691
vn 0.3649 0.6896 -0.6255
vn 0.1512 0.9539 -0.2594
vn 0.2951 0.9234 -0.2454
vn 0.1756 0.7411 0.6481
vn 0.3724 0.7031 0.6058
vn 0.3107 0.9220 0.2310
vn 0.1605 0.9565 0.2435
vn 0.2744 0.9610 -0.0329
vn 0.1477 0.9884 -0.0346
vn 0.1524 -0.9866 0.0576
vn 0.2802 -0.9583 0.0560
vn 0.3125 -0.9242 -0.2195
vn 0.1629 -0.9593 -0.2307
vn 0.6570 -0.4892 0.5736
vn 1.0000 0.0035 -0.0004
vn 0.7014 0.1242 0.7018
vn 0.5344 -0.8049 0.2579
vn 0.7109 0.0543 -0.7012
vn 0.6403 -0.5792 -0.5045
vn 0.6188 0.6001 -0.5069
vn 0.5092 0.8352 -0.2078
vn 0.6378 0.5975 0.4860
vn 0.5353 0.8225 0.1923
vn 0.4824 0.8754 -0.0307
vn 0.4972 -0.8661 0.0523
vn 0.5390 -0.8225 -0.1816
vt 0.406250 0.468036
vt 0.406250 0.500000
vt 0.437500 0.500000
vt 0.437500 0.467325
vt 0.406250 0.750000
vt 0.406250 0.781964
vt 0.437500 0.782675
vt 0.437500 0.750000
vt 0.406250 0.813928
vt 0.437500 0.815351
vt 0.406250 0.436072
vt 0.437500 0.434650
vt 0.125000 0.250000
vt 0.156253 0.250000
vt 0.187506 0.250000
vt 0.125000 0.000000
vt 0.156253 0.000000
vt 0.187506 0.000000
vt 0.625000 0.462241
vt 0.625000 0.424482
vt 0.625000 0.500000
vt 0.625000 0.787759
vt 0.625000 0.750000
vt 0.625000 0.825518
vt 0.187506 0.125000
vt 0.187506 0.101427
vt 0.187506 0.135631
vt 0.187506 0.144553
vt 0.375000 0.080299
vt 0.375000 0.079327
vt 0.375000 0.123186
vt 0.375000 0.123439
vt 0.406250 0.123701
vt 0.437500 0.123963
vt 0.437500 0.074727
vt 0.406250 0.077513
vt 0.625000 0.123963
vt 0.625000 0.074727
vt 0.375000 0.625000
vt 0.375000 0.648097
vt 0.375000 0.613544
vt 0.375000 0.601994
vt 0.125000 0.124912
vt 0.125000 0.124898
vt 0.125000 0.074578
vt 0.125000 0.078812
vt 0.343393 0.124928
vt 0.343413 0.125103
vt 0.343078 0.080633
vt 0.343040 0.080646
vt 0.406250 0.169889
vt 0.406250 0.250000
vt 0.437500 0.250000
vt 0.437500 0.173199
vt 0.406250 0.000000
vt 0.437500 0.000000
vt 0.125000 0.175218
vt 0.125000 0.171011
vt 0.187506 0.164106
vt 0.187506 0.169835
vt 0.187506 0.082817
vt 0.187506 0.087781
vt 0.625000 0.000000
vt 0.625000 0.250000
vt 0.625000 0.173199
vt 0.375000 0.578989
vt 0.375000 0.578991
vt 0.375000 0.500000
vt 0.375000 0.750000
vt 0.375000 0.671191
vt 0.375000 0.671188
vt 0.343747 0.250000
vt 0.343747 0.169574
vt 0.343747 0.169209
vt 0.375000 0.166579
vt 0.375000 0.167046
vt 0.375000 0.250000
vt 0.343747 0.000000
vt 0.375000 0.000000
vt 0.312494 0.250000
vt 0.319305 0.163176
vt 0.281479 0.163929
vt 0.283389 0.250000
vt 0.406250 0.371964
vt 0.437500 0.373212
vt 0.437500 0.308713
vt 0.406250 0.307296
vt 0.602267 0.349427
vt 0.625000 0.318013
vt 0.601933 0.900222
vt 0.437500 0.875947
vt 0.437500 0.941280
vt 0.625000 0.932041
vt 0.406250 0.877152
vt 0.406250 0.942766
vt 0.282925 0.000000
vt 0.281250 0.086923
vt 0.319353 0.086498
vt 0.312494 0.000000
vt 0.319329 0.124837
vt 0.281365 0.125426
vt 0.577950 0.375000
vt 0.577950 0.875000
vt 0.250000 0.125943
vt 0.250000 0.087781
vt 0.250000 0.164106
vt 0.250000 0.250000
vt 0.250000 0.000000
vt 0.375000 0.878357
vt 0.375000 0.944252
vt 0.375000 0.812506
vt 0.375000 0.781253
vt 0.375000 0.468747
vt 0.375000 0.437494
vt 0.375000 0.370715
vt 0.375000 0.305879
vt 0.375000 0.578993
vt 0.375000 0.665747
vt 0.375000 0.622370
vt 0.375000 0.671193
vt 0.625000 0.982425
vt 0.437500 0.984826
vt 0.437500 0.990131
vt 0.625000 0.988453
vt 0.406250 0.985393
vt 0.406250 0.991271
vt 0.375738 0.985582
vt 0.375000 0.992186
vt 0.365840 0.250000
vt 0.365688 0.250000
vt 0.360248 0.250000
vt 0.360330 0.250000
vt 0.381248 0.268352
vt 0.406250 0.265254
vt 0.406250 0.259765
vt 0.385720 0.265749
vt 0.437500 0.265449
vt 0.437500 0.260049
vt 0.625000 0.267278
vt 0.625000 0.260942
vt 0.364254 0.070892
vt 0.366866 0.000000
vt 0.359341 0.000000
vt 0.359468 0.076554
vt 0.359599 0.121897
vt 0.364350 0.118420
vt 0.359729 0.167240
vt 0.358998 0.250000
vt 0.364097 0.250000
vt 0.364446 0.165948
vt 0.360939 0.000000
vt 0.360808 0.000000
vt 0.367141 0.000000
vt 0.367186 0.000000
vt 0.406250 0.968036
vt 0.406250 0.979516
vt 0.437500 0.979522
vt 0.437500 0.967325
vt 0.406250 0.270742
vt 0.406250 0.281964
vt 0.437500 0.282675
vt 0.437500 0.270850
vt 0.625000 0.976397
vt 0.625000 0.962241
vt 0.625000 0.287759
vt 0.625000 0.273614
vt 0.354820 0.250000
vt 0.354808 0.250000
vt 0.354474 0.000000
vt 0.354691 0.000000
vt 0.625000 1.000000
vt 0.437500 1.000000
vt 0.406250 1.000000
vt 0.343747 0.128143
vt 0.354847 0.125374
vt 0.354682 0.082215
vt 0.343747 0.080402
vt 0.375000 0.062506
vt 0.375000 0.118816
vt 0.353899 0.250000
vt 0.355013 0.168532
vt 0.343747 0.175885
vt 0.351816 0.000000
vt 0.375000 0.175125
vt 0.376776 0.270956
vt 0.375000 0.281253
vt 0.375000 0.259160
vt 0.375000 1.000000
vt 0.375000 0.968747
vt 0.376476 0.978978
vt 0.354687 0.250000
vt 0.354639 0.250000
vt 0.365653 0.250000
vt 0.364855 0.250000
vt 0.364258 0.250000
vt 0.364555 0.250000
vt 0.353941 0.250000
vt 0.359078 0.250000
vt 0.359248 0.250000
vt 0.359771 0.250000
vt 0.360146 0.250000
vt 0.364452 0.250000
vt 0.359581 0.250000
vt 0.354709 0.250000
vt 0.375000 0.247065
vt 0.375000 0.172668
vt 0.375000 0.174045
vt 0.375000 0.120198
vt 0.375000 0.067727
vt 0.375000 0.064758
vt 0.375000 0.119402
vt 0.366815 0.000000
vt 0.366846 0.000000
vt 0.352121 0.000000
vt 0.352465 0.000000
vt 0.343535 0.080475
vt 0.343652 0.080435
vt 0.343641 0.127199
vt 0.343700 0.127713
vt 0.343747 0.173923
vt 0.343747 0.174992
vt 0.359640 0.000000
vt 0.359484 0.000000
vt 0.354184 0.250000
vt 0.354404 0.250000
vt 0.360071 0.250000
vt 0.365738 0.250000
vt 0.365216 0.250000
vt 0.359700 0.250000
vt 0.343570 0.126535
vt 0.343393 0.080524
vt 0.343747 0.172547
vt 0.375000 0.170852
vt 0.375000 0.071403
vt 0.375000 0.121127
vt 0.359740 0.000000
vt 0.366775 0.000000
vt 0.359438 0.250000
vt 0.364867 0.250000
vt 0.360478 0.250000
vt 0.366365 0.250000
vt 0.354591 0.250000
vt 0.352706 0.000000
vt 0.354009 0.250000
vt 0.000000 0.000000
vt 0.000000 0.048486
vt 1.000000 0.048486
vt 1.000000 0.000000
vt 0.354718 0.250000
vt 0.359637 0.250000
vt 0.364557 0.250000
vt 0.375000 0.170529
vt 0.375000 0.121302
vt 0.375000 0.072074
vt 0.366806 0.000000
vt 0.359831 0.000000
vt 0.352856 0.000000
vt 0.343367 0.080533
vt 0.343557 0.126414
vt 0.343747 0.172295
vt 0.000000 0.939097
vt 1.000000 0.939097
vt 0.625000 0.939595
vt 0.437500 0.947659
vt 0.437500 0.956296
vt 0.625000 0.949549
vt 0.406250 0.948722
vt 0.406250 0.957357
vt 0.375000 0.949783
vt 0.375000 0.958189
vt 0.333099 0.250000
vt 0.333697 0.164847
vt 0.324687 0.162719
vt 0.328120 0.228515
vt 0.375000 0.300166
vt 0.406250 0.301251
vt 0.406250 0.292691
vt 0.375000 0.291901
vt 0.437500 0.302330
vt 0.437500 0.293729
vt 0.625000 0.310379
vt 0.625000 0.300437
vt 0.333416 0.084778
vt 0.333189 0.000000
vt 0.328120 0.020332
vt 0.324659 0.086833
vt 0.324604 0.124778
vt 0.334073 0.124813
vt 0.319121 0.250000
vt 0.324834 0.250000
vt 0.319252 0.000000
vt 0.324783 0.000000
vt 0.643425 0.500000
vt 0.567775 0.486627
vt 0.464729 0.476237
vt 0.430212 0.478157
vt 0.422206 0.546087
vt 0.432792 0.608931
vt 0.430267 0.661310
vt 0.439368 0.746158
vt 0.499756 0.750000
vt 0.545526 0.750000
vt 0.640012 0.750000
vt 0.125438 0.248936
vt 0.156346 0.249548
vt 0.187035 0.248474
vt 0.187388 0.169882
vt 0.994833 0.977634
vt 0.000000 0.977995
vt 1.000000 0.977995
vt 0.006507 0.977672
vt 0.997352 0.977607
vt 0.007964 0.977284
vt 0.187328 0.000056
vt 0.156296 0.000128
vt 0.125411 0.000950
vt 0.125000 0.074251
vt 0.125000 0.124830
vt 0.125000 0.175619
vt 0.497781 0.500000
vt 0.259347 0.500000
vt 0.234810 0.500000
vt 0.236836 0.514550
vt 0.273344 0.601446
vt 0.271703 0.652040
vt 0.292562 0.713015
vt 0.324401 0.783830
vt 0.354058 0.784007
vt 0.470645 0.787031
vt 0.689146 0.781480
vt 0.005725 0.100989
vt 0.050000 0.102274
vt 0.050000 0.150000
vt 0.000000 0.150000
vt 0.100000 0.102274
vt 0.100000 0.150000
vt 0.150000 0.102274
vt 0.150000 0.150000
vt 0.200000 0.102274
vt 0.200000 0.150000
vt 0.250000 0.102274
vt 0.250000 0.150000
vt 0.300000 0.102274
vt 0.300000 0.150000
vt 0.350000 0.102274
vt 0.350000 0.150000
vt 0.400000 0.102274
vt 0.400000 0.150000
vt 0.450000 0.102273
vt 0.450000 0.150000
vt 0.500000 0.102269
vt 0.500000 0.150000
vt 0.550000 0.102250
vt 0.550000 0.150000
vt 0.600000 0.102164
vt 0.600000 0.150000
vt 0.650000 0.101773
vt 0.650000 0.150000
vt 0.700000 0.102164
vt 0.700000 0.150000
vt 0.749997 0.102750
vt 0.750000 0.150000
vt 0.799987 0.102269
vt 0.800000 0.150000
vt 0.849939 0.102252
vt 0.850000 0.150000
vt 0.899722 0.102174
vt 0.900000 0.150000
vt 0.948738 0.101820
vt 0.950000 0.150000
vt 0.994275 0.100212
vt 1.000000 0.150000
vt 0.050000 0.200000
vt 0.000000 0.200000
vt 0.100000 0.200000
vt 0.150000 0.200000
vt 0.200000 0.200000
vt 0.250000 0.200000
vt 0.300000 0.200000
vt 0.350000 0.200000
vt 0.400000 0.200000
vt 0.450000 0.200000
vt 0.500000 0.200000
vt 0.550000 0.200000
vt 0.600000 0.200000
vt 0.650000 0.200000
vt 0.700000 0.200000
vt 0.750000 0.200000
vt 0.800000 0.200000
vt 0.850000 0.200000
vt 0.900000 0.200000
vt 0.950000 0.200000
vt 1.000000 0.200000
vt 0.050000 0.250000
vt 0.000000 0.250000
vt 0.100000 0.250000
vt 0.150000 0.250000
vt 0.200000 0.250000
vt 0.300000 0.250000
vt 0.350000 0.250000
vt 0.400000 0.250000
vt 0.450000 0.250000
vt 0.500000 0.250000
vt 0.550000 0.250000
vt 0.600000 0.250000
vt 0.650000 0.250000
vt 0.700000 0.250000
vt 0.750000 0.250000
vt 0.800000 0.250000
vt 0.850000 0.250000
vt 0.900000 0.250000
vt 0.950000 0.250000
vt 1.000000 0.250000
vt 0.050000 0.300000
vt 0.000000 0.300000
vt 0.100000 0.300000
vt 0.150000 0.300000
vt 0.200000 0.300000
vt 0.250000 0.300000
vt 0.300000 0.300000
vt 0.350000 0.300000
vt 0.400000 0.300000
vt 0.450000 0.300000
vt 0.500000 0.300000
vt 0.550000 0.300000
vt 0.600000 0.300000
vt 0.650000 0.300000
vt 0.700000 0.300000
vt 0.750000 0.300000
vt 0.800000 0.300000
vt 0.850000 0.300000
vt 0.900000 0.300000
vt 0.950000 0.300000
vt 1.000000 0.300000
vt 0.050000 0.350000
vt 0.000000 0.350000
vt 0.100000 0.350000
vt 0.150000 0.350000
vt 0.200000 0.350000
vt 0.250000 0.350000
vt 0.300000 0.350000
vt 0.350000 0.350000
vt 0.400000 0.350000
vt 0.450000 0.350000
vt 0.500000 0.350000
vt 0.550000 0.350000
vt 0.600000 0.350000
vt 0.650000 0.350000
vt 0.700000 0.350000
vt 0.750000 0.350000
vt 0.800000 0.350000
vt 0.850000 0.350000
vt 0.900000 0.350000
vt 0.950000 0.350000
vt 1.000000 0.350000
vt 0.050000 0.400000
vt 0.000000 0.400000
vt 0.100000 0.400000
vt 0.150000 0.400000
vt 0.200000 0.400000
vt 0.250000 0.400000
vt 0.300000 0.400000
vt 0.350000 0.400000
vt 0.400000 0.400000
vt 0.450000 0.400000
vt 0.500000 0.400000
vt 0.550000 0.400000
vt 0.600000 0.400000
vt 0.650000 0.400000
vt 0.700000 0.400000
vt 0.750000 0.400000
vt 0.800000 0.400000
vt 0.850000 0.400000
vt 0.900000 0.400000
vt 0.950000 0.400000
vt 1.000000 0.400000
vt 0.050000 0.450000
vt 0.000000 0.450000
vt 0.100000 0.450000
vt 0.150000 0.450000
vt 0.200000 0.450000
vt 0.250000 0.450000
vt 0.300000 0.450000
vt 0.350000 0.450000
vt 0.400000 0.450000
vt 0.450000 0.450000
vt 0.500000 0.450000
vt 0.550000 0.450000
vt 0.600000 0.450000
vt 0.650000 0.450000
vt 0.700000 0.450000
vt 0.750000 0.450000
vt 0.800000 0.450000
vt 0.850000 0.450000
vt 0.900000 0.450000
vt 0.950000 0.450000
vt 1.000000 0.450000
vt 0.050000 0.500000
vt 0.000000 0.500000
vt 0.100000 0.500000
vt 0.150000 0.500000
vt 0.200000 0.500000
vt 0.250000 0.500000
vt 0.300000 0.500000
vt 0.350000 0.500000
vt 0.400000 0.500000
vt 0.450000 0.500000
vt 0.500000 0.500000
vt 0.550000 0.500000
vt 0.600000 0.500000
vt 0.650000 0.500000
vt 0.700000 0.500000
vt 0.750000 0.500000
vt 0.800000 0.500000
vt 0.850000 0.500000
vt 0.900000 0.500000
vt 0.950000 0.500000
vt 1.000000 0.500000
vt 0.050000 0.550000
vt 0.000000 0.550000
vt 0.100000 0.550000
vt 0.150000 0.550000
vt 0.200000 0.550000
vt 0.250000 0.550000
vt 0.300000 0.550000
vt 0.350000 0.550000
vt 0.400000 0.550000
vt 0.450000 0.550000
vt 0.500000 0.550000
vt 0.550000 0.550000
vt 0.600000 0.550000
vt 0.650000 0.550000
vt 0.700000 0.550000
vt 0.750000 0.550000
vt 0.800000 0.550000
vt 0.850000 0.550000
vt 0.900000 0.550000
vt 0.950000 0.550000
vt 1.000000 0.550000
vt 0.050000 0.600000
vt 0.000000 0.600000
vt 0.100000 0.600000
vt 0.150000 0.600000
vt 0.200000 0.600000
vt 0.250000 0.600000
vt 0.300000 0.600000
vt 0.350000 0.600000
vt 0.400000 0.600000
vt 0.450000 0.600000
vt 0.500000 0.600000
vt 0.550000 0.600000
vt 0.600000 0.600000
vt 0.650000 0.600000
vt 0.700000 0.600000
vt 0.750000 0.600000
vt 0.800000 0.600000
vt 0.850000 0.600000
vt 0.900000 0.600000
vt 0.950000 0.600000
vt 1.000000 0.600000
vt 0.050000 0.650000
vt 0.000000 0.650000
vt 0.100000 0.650000
vt 0.150000 0.650000
vt 0.200000 0.650000
vt 0.250000 0.650000
vt 0.300000 0.650000
vt 0.350000 0.650000
vt 0.400000 0.650000
vt 0.450000 0.650000
vt 0.500000 0.650000
vt 0.550000 0.650000
vt 0.600000 0.650000
vt 0.650000 0.650000
vt 0.700000 0.650000
vt 0.750000 0.650000
vt 0.800000 0.650000
vt 0.850000 0.650000
vt 0.900000 0.650000
vt 0.950000 0.650000
vt 1.000000 0.650000
vt 0.050000 0.700000
vt 0.000000 0.700000
vt 0.100000 0.700000
vt 0.150000 0.700000
vt 0.200000 0.700000
vt 0.250000 0.700000
vt 0.300000 0.700000
vt 0.350000 0.700000
vt 0.400000 0.700000
vt 0.450000 0.700000
vt 0.500000 0.700000
vt 0.550000 0.700000
vt 0.600000 0.700000
vt 0.650000 0.700000
vt 0.700000 0.700000
vt 0.750000 0.700000
vt 0.800000 0.700000
vt 0.850000 0.700000
vt 0.900000 0.700000
vt 0.950000 0.700000
vt 1.000000 0.700000
vt 0.050000 0.750000
vt 0.000000 0.750000
vt 0.100000 0.750000
vt 0.150000 0.750000
vt 0.200000 0.750000
vt 0.250000 0.750000
vt 0.300000 0.750000
vt 0.350000 0.750000
vt 0.400000 0.750000
vt 0.450000 0.750000
vt 0.500000 0.750000
vt 0.550000 0.750000
vt 0.600000 0.750000
vt 0.650000 0.750000
vt 0.700000 0.750000
vt 0.750000 0.750000
vt 0.800000 0.750000
vt 0.850000 0.750000
vt 0.900000 0.750000
vt 0.950000 0.750000
vt 1.000000 0.750000
vt 0.050000 0.800000
vt 0.000000 0.800000
vt 0.100000 0.800000
vt 0.150000 0.800000
vt 0.200000 0.800000
vt 0.250000 0.800000
vt 0.300000 0.800000
vt 0.350000 0.800000
vt 0.400000 0.800000
vt 0.450000 0.800000
vt 0.500000 0.800000
vt 0.550000 0.800000
vt 0.600000 0.800000
vt 0.650000 0.800000
vt 0.700000 0.800000
vt 0.750000 0.800000
vt 0.800000 0.800000
vt 0.850000 0.800000
vt 0.900000 0.800000
vt 0.950000 0.800000
vt 1.000000 0.800000
vt 0.050000 0.850000
vt 0.000000 0.850000
vt 0.100000 0.850000
vt 0.150000 0.850000
vt 0.200000 0.850000
vt 0.250000 0.850000
vt 0.300000 0.850000
vt 0.350000 0.850000
vt 0.400000 0.850000
vt 0.450000 0.850000
vt 0.500000 0.850000
vt 0.550000 0.850000
vt 0.600000 0.850000
vt 0.650000 0.850000
vt 0.700000 0.850000
vt 0.750000 0.850000
vt 0.800000 0.850000
vt 0.850000 0.850000
vt 0.900000 0.850000
vt 0.950000 0.850000
vt 1.000000 0.850000
vt 0.050000 0.900000
vt 0.000000 0.900000
vt 0.100000 0.900000
vt 0.150000 0.900000
vt 0.200000 0.900000
vt 0.250000 0.900000
vt 0.300000 0.900000
vt 0.350000 0.900000
vt 0.400000 0.900000
vt 0.450000 0.900000
vt 0.500000 0.900000
vt 0.550000 0.900000
vt 0.600000 0.900000
vt 0.650000 0.900000
vt 0.700000 0.900000
vt 0.750000 0.900000
vt 0.800000 0.900000
vt 0.850000 0.900000
vt 0.900000 0.900000
vt 0.950000 0.900000
vt 1.000000 0.900000
vt 0.050000 0.950000
vt 0.000000 0.950000
vt 0.100000 0.950000
vt 0.150000 0.950000
vt 0.200000 0.950000
vt 0.250000 0.950000
vt 0.300000 0.950000
vt 0.350000 0.950000
vt 0.400000 0.950000
vt 0.450000 0.950000
vt 0.500000 0.950000
vt 0.550000 0.950000
vt 0.600000 0.950000
vt 0.650000 0.950000
vt 0.700000 0.950000
vt 0.750000 0.950000
vt 0.800000 0.950000
vt 0.850000 0.950000
vt 0.900000 0.950000
vt 0.950000 0.950000
vt 1.000000 0.950000
vt 0.025000 1.000000
vt 0.075000 1.000000
vt 0.125000 1.000000
vt 0.175000 1.000000
vt 0.225000 1.000000
vt 0.275000 1.000000
vt 0.325000 1.000000
vt 0.425000 1.000000
vt 0.475000 1.000000
vt 0.525000 1.000000
vt 0.575000 1.000000
vt 0.675000 1.000000
vt 0.725000 1.000000
vt 0.775000 1.000000
vt 0.825000 1.000000
vt 0.875000 1.000000
vt 0.925000 1.000000
vt 0.975000 1.000000
vt 1.000000 1.000000
vt 0.000000 1.000000
vt 0.500000 1.000000
vt 0.156398 0.249292
vt 0.186768 0.247611
vt 0.187322 0.169909
vt 0.991910 0.999434
vt 0.010188 0.999494
vt 0.995854 0.999393
vt 0.012469 0.998887
vt 0.187227 0.000087
vt 0.156321 0.000201
vt 0.125644 0.001488
vt 0.125000 0.074067
vt 0.125000 0.124792
vt 0.125000 0.175846
vt 0.125686 0.248335
s 1
usemtl Material
f 83/1/1 82/2/2 24/3/3 23/4/4
f 79/5/5 78/6/6 26/7/7 25/8/8
f 78/6/6 77/9/9 27/10/10 26/7/7
f 84/11/11 83/1/1 23/4/4 22/12/12
f 112/13/13 5/13/14 15/14/15 103/14/16
f 9/15/17 104/15/18 103/14/16 15/14/15
f 7/16/19 109/16/20 108/17/21 14/17/22
f 14/17/22 108/17/21 107/18/23 10/18/24
f 16/19/25 12/20/26 22/12/12 23/4/4
f 24/3/3 6/21/27 16/19/25 23/4/4
f 13/22/28 8/23/29 25/8/8 26/7/7
f 11/24/30 13/22/28 26/7/7 27/10/10
f 82/2/2 95/2/31 94/3/32 24/3/3
f 102/23/33 101/8/34 25/8/8 8/23/29
f 25/8/8 101/8/34 100/5/35 79/5/5
f 93/21/36 6/21/27 24/3/3 94/3/32
f 41/25/37 106/26/38 227/27/39 226/28/40
f 43/29/41 276/30/42 275/31/43 212/32/44
f 211/33/45 210/34/46 45/35/47 90/36/48
f 210/34/46 209/37/49 50/38/50 45/35/47
f 47/39/51 98/40/52 230/41/53 229/42/54
f 229/43/54 228/44/55 110/45/56 47/46/51
f 223/47/57 283/48/58 282/49/59 53/50/60
f 89/51/61 88/52/62 30/53/63 46/54/64
f 91/55/65 90/36/48 45/35/47 29/56/66
f 5/13/14 112/13/13 111/57/67 48/58/68
f 42/59/69 105/60/70 104/15/18 9/15/17
f 47/46/51 110/45/56 109/16/20 7/16/19
f 10/18/24 107/18/23 106/61/38 41/62/37
f 50/38/50 2/63/71 29/56/66 45/35/47
f 4/64/72 49/65/73 46/54/64 30/53/63
f 48/66/68 97/67/74 96/68/75 5/68/14
f 7/69/19 99/69/76 98/70/52 47/71/51
f 19/72/77 269/72/78 284/73/79 54/74/80
f 44/75/81 274/76/82 273/77/83 3/77/84
f 53/50/60 282/49/59 281/78/85 18/78/86
f 1/79/87 277/79/88 276/30/42 43/29/41
f 59/80/89 72/81/90 71/82/91 60/83/92
f 85/84/93 61/85/94 62/86/95 86/87/96
f 61/85/94 67/88/97 68/89/98 62/86/95
f 64/90/99 65/91/100 66/92/101 63/93/102
f 65/91/100 76/94/103 75/95/104 66/92/101
f 69/96/105 74/97/106 73/98/107 70/99/108
f 224/100/109 73/98/107 74/97/106 225/101/110
f 61/85/94 22/12/12 12/102/26 67/88/97
f 61/85/94 85/84/93 84/11/11 22/12/12
f 76/94/103 65/91/100 27/10/10 77/9/9
f 65/91/100 64/90/99 11/103/30 27/10/10
f 226/104/40 225/101/110 74/97/106 41/105/37
f 60/83/92 71/82/91 42/106/69 9/107/17
f 74/97/106 69/96/105 10/108/24 41/105/37
f 76/94/103 69/109/105 70/110/108 75/95/104
f 69/109/105 76/94/103 77/9/9 10/111/24
f 14/112/22 10/111/24 77/9/9 78/6/6
f 7/69/19 14/112/22 78/6/6 79/5/5
f 100/5/35 99/69/76 7/69/19 79/5/5
f 5/68/14 96/68/75 95/2/31 82/2/2
f 15/113/15 5/68/14 82/2/2 83/1/1
f 9/114/17 15/113/15 83/1/1 84/11/11
f 85/84/93 60/115/92 9/114/17 84/11/11
f 60/115/92 85/84/93 86/87/96 59/116/89
f 44/75/81 3/77/84 88/52/62 89/51/61
f 212/32/44 211/33/45 90/36/48 43/29/41
f 1/79/87 43/29/41 90/36/48 91/55/65
f 335/21/111 93/21/36 94/3/32 336/3/112
f 95/2/31 337/2/113 336/3/112 94/3/32
f 96/68/75 338/68/114 337/2/113 95/2/31
f 97/67/74 339/117/115 338/68/114 96/68/75
f 98/40/52 341/118/116 340/119/117 230/41/53
f 99/69/76 342/69/118 341/120/116 98/70/52
f 343/5/119 342/69/118 99/69/76 100/5/35
f 101/8/34 344/8/120 343/5/119 100/5/35
f 345/23/121 344/8/120 101/8/34 102/23/33
f 110/45/56 308/45/122 307/16/123 109/16/20
f 109/16/20 307/16/123 306/17/124 108/17/21
f 228/44/55 309/44/125 308/45/122 110/45/56
f 103/14/16 312/14/126 311/13/127 112/13/13
f 112/13/13 311/13/127 310/57/128 111/57/67
f 108/17/21 306/17/124 305/18/129 107/18/23
f 104/15/18 301/15/130 312/14/126 103/14/16
f 105/60/70 302/60/131 301/15/130 104/15/18
f 256/121/132 255/122/133 128/123/134 125/124/135
f 255/122/133 254/125/136 129/126/137 128/123/134
f 254/125/136 253/127/138 148/128/139 129/126/137
f 131/129/140 272/130/141 271/131/142 235/132/143
f 235/133/143 234/134/144 134/135/145 131/136/140
f 234/134/144 233/137/146 135/138/147 134/135/145
f 233/137/146 232/139/148 138/140/149 135/138/147
f 139/141/49 145/142/150 249/143/151 248/144/49
f 248/144/49 247/145/49 217/146/49 139/141/49
f 246/147/49 245/148/49 144/149/49 142/150/49
f 253/151/138 279/152/152 278/153/153 148/154/139
f 92/155/154 130/156/155 127/157/156 28/158/157
f 133/159/158 87/160/159 21/161/160 136/162/161
f 126/163/162 17/164/163 28/158/157 127/157/156
f 20/165/164 137/166/165 136/162/161 21/161/160
f 132/167/166 270/168/167 269/72/78 19/72/77
f 18/78/86 281/78/85 280/169/168 147/170/169
f 2/171/71 125/124/135 128/123/134 29/172/66
f 129/126/137 91/173/65 29/172/66 128/123/134
f 148/154/139 278/153/153 277/79/88 1/79/87
f 273/77/83 272/130/141 131/129/140 3/77/84
f 88/52/62 134/135/145 135/138/147 30/53/63
f 138/140/149 4/64/72 30/53/63 135/138/147
f 219/174/170 218/175/49 140/176/49 56/177/171
f 57/178/172 139/141/49 217/146/49 216/179/173
f 37/72/174 143/180/49 141/181/49 55/182/175
f 140/176/49 146/183/176 39/78/177 56/177/171
f 57/178/172 40/79/178 145/142/150 139/141/49
f 144/149/49 38/77/179 58/184/180 142/150/49
f 132/185/166 19/186/77 87/160/159 133/159/158
f 3/77/84 131/187/140 134/135/145 88/52/62
f 148/128/139 1/188/87 91/173/65 129/126/137
f 18/189/86 147/190/169 130/156/155 92/155/154
f 157/72/181 170/191/182 169/192/183 158/72/184
f 159/77/185 172/193/186 171/194/187 160/77/188
f 161/77/189 166/195/49 165/196/49 162/77/190
f 163/72/191 168/197/49 167/180/49 164/72/192
f 166/195/49 244/198/49 243/199/49 165/196/49
f 237/200/193 171/194/187 172/193/186 238/201/194
f 245/148/49 244/198/49 166/195/49 144/149/49
f 151/202/195 171/194/187 237/200/193 236/203/196
f 152/204/197 170/191/182 157/72/181 115/72/198
f 37/72/174 164/72/192 167/180/49 143/180/49
f 116/77/199 160/77/188 171/194/187 151/202/195
f 144/149/49 166/195/49 161/77/189 38/77/179
f 173/205/200 206/77/201 205/77/202 174/77/203
f 174/77/203 175/206/204 176/207/205 173/205/200
f 214/208/206 177/209/207 178/210/208 215/211/209
f 177/209/207 179/79/210 180/79/211 178/210/208
f 179/79/210 190/212/212 189/213/213 180/79/211
f 181/78/214 192/214/215 191/215/216 182/78/217
f 182/78/217 183/216/218 184/217/219 181/78/214
f 183/216/218 221/218/220 220/219/221 184/217/219
f 185/220/222 187/72/223 188/72/224 186/221/225
f 187/72/223 204/72/226 203/72/227 188/72/224
f 190/212/212 251/222/228 250/223/229 189/213/213
f 193/224/230 197/72/231 198/72/232 194/225/233
f 240/226/234 195/227/235 196/228/236 241/229/237
f 195/227/235 199/77/238 200/77/239 196/228/236
f 202/72/240 203/72/227 204/72/226 201/72/241
f 206/77/201 207/77/242 208/77/243 205/77/202
f 222/230/244 221/218/220 183/216/218 113/231/245
f 115/72/198 187/72/223 185/220/222 114/232/246
f 117/233/247 175/206/204 174/77/203 116/77/199
f 118/234/248 177/209/207 214/208/206 213/235/249
f 119/79/250 179/79/210 177/209/207 118/234/248
f 113/231/245 183/216/218 182/78/217 120/78/251
f 176/207/205 58/184/180 38/77/179 173/205/200
f 178/210/208 57/178/172 216/179/173 215/211/209
f 180/79/211 40/79/178 57/178/172 178/210/208
f 184/217/219 56/177/171 39/78/177 181/78/214
f 220/219/221 219/174/170 56/177/171 184/217/219
f 188/72/224 37/72/174 55/182/175 186/221/225
f 145/142/150 189/213/213 250/223/229 249/143/151
f 252/236/252 251/222/228 190/212/212 149/237/253
f 242/238/254 241/229/237 196/228/236 153/239/255
f 240/226/234 239/240/256 156/241/257 195/227/235
f 155/242/258 194/225/233 198/72/232 121/72/259
f 195/227/235 156/241/257 123/77/260 199/77/238
f 149/237/253 190/212/212 179/79/210 119/79/250
f 120/78/251 182/78/217 191/215/216 150/243/261
f 189/213/213 145/142/150 40/79/178 180/79/211
f 181/78/214 39/78/177 146/183/176 192/214/215
f 193/224/230 154/244/262 122/72/263 197/72/231
f 124/77/264 153/239/255 196/228/236 200/77/239
f 202/72/240 163/72/191 164/72/192 203/72/227
f 204/72/226 157/72/181 158/72/184 201/72/241
f 160/77/188 205/77/202 208/77/243 159/77/185
f 206/77/201 161/77/189 162/77/190 207/77/242
f 115/72/198 157/72/181 204/72/226 187/72/223
f 174/77/203 205/77/202 160/77/188 116/77/199
f 38/77/179 161/77/189 206/77/201 173/205/200
f 164/72/192 37/72/174 188/72/224 203/72/227
f 46/54/64 49/65/73 209/37/49 210/34/46
f 89/51/61 46/54/64 210/34/46 211/33/45
f 44/75/81 89/51/61 211/33/45 212/32/44
f 275/31/43 274/76/82 44/75/81 212/32/44
f 214/208/206 175/206/204 117/233/247 213/235/249
f 175/206/204 214/208/206 215/211/209 176/207/205
f 216/179/173 58/184/180 176/207/205 215/211/209
f 217/146/49 142/150/49 58/184/180 216/179/173
f 247/145/49 246/147/49 142/150/49 217/146/49
f 55/182/175 141/181/49 218/175/49 219/174/170
f 186/221/225 55/182/175 219/174/170 220/219/221
f 221/218/220 185/220/222 186/221/225 220/219/221
f 114/232/246 185/220/222 221/218/220 222/230/244
f 54/74/80 284/73/79 283/48/58 223/47/57
f 72/81/90 224/100/109 225/101/110 71/82/91
f 42/106/69 71/82/91 225/101/110 226/104/40
f 227/27/39 105/60/70 42/59/69 226/28/40
f 111/57/67 310/57/128 309/44/125 228/44/55
f 48/58/68 111/57/67 228/44/55 229/43/54
f 230/41/53 97/67/74 48/66/68 229/42/54
f 340/119/117 339/117/115 97/67/74 230/41/53
f 136/162/161 137/166/165 232/139/148 233/137/146
f 133/159/158 136/162/161 233/137/146 234/134/144
f 132/185/166 133/159/158 234/134/144 235/133/143
f 271/131/142 270/168/167 132/167/166 235/132/143
f 237/200/193 170/191/182 152/204/197 236/203/196
f 170/191/182 237/200/193 238/201/194 169/192/183
f 194/225/233 155/242/258 239/240/256 240/226/234
f 194/225/233 240/226/234 241/229/237 193/224/230
f 154/244/262 193/224/230 241/229/237 242/238/254
f 244/198/49 167/180/49 168/197/49 243/199/49
f 143/180/49 167/180/49 244/198/49 245/148/49
f 141/181/49 143/180/49 245/148/49 246/147/49
f 218/175/49 141/181/49 246/147/49 247/145/49
f 140/176/49 218/175/49 247/145/49 248/144/49
f 249/143/151 146/183/176 140/176/49 248/144/49
f 250/223/229 192/214/215 146/183/176 249/143/151
f 251/222/228 191/215/216 192/214/215 250/223/229
f 150/243/261 191/215/216 251/222/228 252/236/252
f 147/170/169 280/169/168 279/152/152 253/151/138
f 130/156/155 147/190/169 253/127/138 254/125/136
f 127/157/156 130/156/155 254/125/136 255/122/133
f 126/163/162 127/157/156 255/122/133 256/121/132
f 200/77/239 199/77/238 208/77/243 207/77/242
f 124/77/264 200/77/239 207/77/242 162/77/190
f 153/239/255 124/77/264 162/77/190 165/196/49
f 242/238/254 153/239/255 165/196/49 243/199/49
f 154/244/262 242/238/254 243/199/49 168/197/49
f 122/72/263 154/244/262 168/197/49 163/72/191
f 197/72/231 122/72/263 163/72/191 202/72/240
f 198/72/232 197/72/231 202/72/240 201/72/241
f 121/72/259 198/72/232 201/72/241 158/72/184
f 155/242/258 121/72/259 158/72/184 169/192/183
f 239/240/256 155/242/258 169/192/183 238/201/194
f 156/241/257 239/240/256 238/201/194 172/193/186
f 123/77/260 156/241/257 172/193/186 159/77/185
f 208/77/243 199/77/238 123/77/260 159/77/185
f 227/245/39 303/246/265 302/247/131 105/248/70
f 107/245/23 305/246/129 304/247/266 106/248/38
f 106/245/38 304/246/266 303/247/265 227/248/39
f 270/168/167 286/249/267 285/72/268 269/72/78
f 287/250/269 286/249/267 270/168/167 271/131/142
f 272/130/141 288/251/270 287/250/269 271/131/142
f 289/77/271 288/251/270 272/130/141 273/77/83
f 274/76/82 290/252/272 289/77/271 273/77/83
f 291/253/273 290/252/272 274/76/82 275/31/43
f 276/30/42 292/254/274 291/253/273 275/31/43
f 277/79/88 293/79/275 292/254/274 276/30/42
f 278/153/153 294/255/276 293/79/275 277/79/88
f 279/152/152 295/256/277 294/255/276 278/153/153
f 280/169/168 296/257/278 295/256/277 279/152/152
f 281/78/85 297/78/279 296/257/278 280/169/168
f 282/49/59 298/258/280 297/78/279 281/78/85
f 283/48/58 299/259/281 298/258/280 282/49/59
f 284/73/79 300/260/282 299/259/281 283/48/58
f 269/72/78 285/72/268 300/260/282 284/73/79
f 286/249/267 152/204/197 115/72/198 285/72/268
f 236/203/196 152/204/197 286/249/267 287/250/269
f 288/251/270 151/202/195 236/203/196 287/250/269
f 116/77/199 151/202/195 288/251/270 289/77/271
f 290/252/272 117/233/247 116/77/199 289/77/271
f 213/235/249 117/233/247 290/252/272 291/253/273
f 292/254/274 118/234/248 213/235/249 291/253/273
f 293/79/275 119/79/250 118/234/248 292/254/274
f 294/255/276 149/237/253 119/79/250 293/79/275
f 295/256/277 252/236/252 149/237/253 294/255/276
f 296/257/278 150/243/261 252/236/252 295/256/277
f 297/78/279 120/78/251 150/243/261 296/257/278
f 298/258/280 113/231/245 120/78/251 297/78/279
f 299/259/281 222/230/244 113/231/245 298/258/280
f 300/260/282 114/232/246 222/230/244 299/259/281
f 285/72/268 115/72/198 114/232/246 300/260/282
f 302/60/131 260/60/283 259/15/284 301/15/130
f 303/246/265 261/261/285 260/262/283 302/247/131
f 304/246/266 262/261/286 261/262/285 303/247/265
f 305/246/129 263/261/287 262/262/286 304/247/266
f 306/17/124 264/17/288 263/18/287 305/18/129
f 307/16/123 265/16/289 264/17/288 306/17/124
f 308/45/122 266/45/290 265/16/289 307/16/123
f 309/44/125 267/44/291 266/45/290 308/45/122
f 310/57/128 268/57/292 267/44/291 309/44/125
f 311/13/127 257/13/293 268/57/292 310/57/128
f 312/14/126 258/14/294 257/13/293 311/13/127
f 301/15/130 259/15/284 258/14/294 312/14/126
f 314/263/295 316/264/296 315/265/297 313/266/298
f 316/264/296 317/267/299 318/268/300 315/265/297
f 317/267/299 334/269/301 333/270/302 318/268/300
f 319/271/303 331/272/304 332/273/305 320/274/306
f 320/275/306 321/276/307 322/277/308 319/278/303
f 321/276/307 324/279/309 323/280/310 322/277/308
f 324/279/309 325/281/311 326/282/312 323/280/310
f 327/283/313 333/284/302 334/285/301 328/286/314
f 328/286/314 330/287/315 329/288/316 327/283/313
f 330/287/315 332/273/305 331/272/304 329/288/316
f 17/164/163 313/266/298 315/265/297 28/158/157
f 92/155/154 28/158/157 315/265/297 318/268/300
f 87/160/159 322/277/308 323/280/310 21/161/160
f 326/282/312 20/165/164 21/161/160 323/280/310
f 329/288/316 223/47/57 53/50/60 327/283/313
f 327/283/313 53/50/60 18/78/86 333/284/302
f 319/271/303 19/72/77 54/74/80 331/272/304
f 321/276/307 86/87/96 62/86/95 324/279/309
f 75/95/104 317/267/299 316/264/296 66/92/101
f 68/89/98 325/281/311 324/279/309 62/86/95
f 314/263/295 63/93/102 66/92/101 316/264/296
f 224/100/109 330/287/315 328/286/314 73/98/107
f 72/81/90 59/289/89 320/290/306 332/273/305
f 70/291/108 73/98/107 328/286/314 334/292/301
f 70/110/108 334/269/301 317/267/299 75/95/104
f 320/275/306 59/116/89 86/87/96 321/276/307
f 19/186/77 319/278/303 322/277/308 87/160/159
f 333/270/302 18/189/86 92/155/154 318/268/300
f 331/272/304 54/74/80 223/47/57 329/288/316
f 72/81/90 332/273/305 330/287/315 224/100/109
f 33/293/317 335/21/111 336/3/112 32/294/318
f 337/2/113 81/295/319 32/294/318 336/3/112
f 338/68/114 31/296/320 81/295/319 337/2/113
f 339/117/115 51/297/321 31/296/320 338/68/114
f 231/298/322 51/297/321 339/117/115 340/119/117
f 341/118/116 52/299/323 231/298/322 340/119/117
f 342/69/118 36/300/324 52/299/323 341/120/116
f 80/301/325 36/300/324 342/69/118 343/5/119
f 344/8/120 35/302/326 80/301/325 343/5/119
f 34/303/327 35/302/326 344/8/120 345/23/121
f 421/1/328 369/4/329 370/3/330 420/2/331
f 417/5/332 371/8/333 372/7/334 416/6/335
f 416/6/335 372/7/334 373/10/336 415/9/337
f 422/11/338 368/12/339 369/4/329 421/1/328
f 448/13/340 439/14/341 364/14/342 359/13/343
f 361/15/344 364/14/342 439/14/341 440/15/345
f 360/16/346 363/17/347 444/17/348 445/16/349
f 363/17/347 362/18/350 443/18/351 444/17/348
f 16/19/25 369/4/329 368/12/339 12/20/26
f 370/3/330 369/4/329 16/19/25 6/21/27
f 13/22/28 372/7/334 371/8/333 8/23/29
f 11/24/30 373/10/336 372/7/334 13/22/28
f 420/2/331 370/3/330 431/3/352 432/2/353
f 102/23/33 8/23/29 371/8/333 438/8/354
f 371/8/333 417/5/332 437/5/355 438/8/354
f 93/21/36 431/3/352 370/3/330 6/21/27
f 385/25/356 557/28/357 558/27/358 442/26/359
f 387/29/360 543/32/361 605/31/362 606/30/363
f 542/33/364 428/36/365 389/35/366 541/34/367
f 541/34/367 389/35/366 50/38/50 209/37/49
f 391/39/368 560/42/369 561/41/370 435/40/371
f 560/43/369 391/46/368 446/45/372 559/44/373
f 554/47/374 395/50/375 612/49/376 613/48/377
f 427/51/378 390/54/379 376/53/380 426/52/381
f 429/55/382 375/56/383 389/35/366 428/36/365
f 359/13/343 392/58/384 447/57/385 448/13/340
f 386/59/386 361/15/344 440/15/345 441/60/387
f 391/46/368 360/16/346 445/16/349 446/45/372
f 362/18/350 385/62/356 442/61/359 443/18/351
f 50/38/50 389/35/366 375/56/383 2/63/71
f 4/64/72 376/53/380 390/54/379 49/65/73
f 392/66/384 359/68/343 433/68/388 434/67/389
f 360/69/346 391/71/368 435/70/371 436/69/390
f 366/72/391 396/74/392 614/73/393 599/72/394
f 388/75/395 358/77/396 603/77/397 604/76/398
f 395/50/375 365/78/399 611/78/400 612/49/376
f 357/79/401 387/29/360 606/30/363 607/79/402
f 401/80/403 402/83/404 409/82/405 410/81/406
f 423/84/407 424/87/408 404/86/409 403/85/410
f 403/85/410 404/86/409 68/89/98 67/88/97
f 64/90/99 63/93/102 406/92/411 405/91/412
f 405/91/412 406/92/411 413/95/413 414/94/414
f 407/96/415 408/99/416 411/98/417 412/97/418
f 555/100/419 556/101/420 412/97/418 411/98/417
f 403/85/410 67/88/97 12/102/26 368/12/339
f 403/85/410 368/12/339 422/11/338 423/84/407
f 414/94/414 415/9/337 373/10/336 405/91/412
f 405/91/412 373/10/336 11/103/30 64/90/99
f 557/104/357 385/105/356 412/97/418 556/101/420
f 402/83/404 361/107/344 386/106/386 409/82/405
f 412/97/418 385/105/356 362/108/350 407/96/415
f 414/94/414 413/95/413 408/110/416 407/109/415
f 407/109/415 362/111/350 415/9/337 414/94/414
f 363/112/347 416/6/335 415/9/337 362/111/350
f 360/69/346 417/5/332 416/6/335 363/112/347
f 437/5/355 417/5/332 360/69/346 436/69/390
f 359/68/343 420/2/331 432/2/353 433/68/388
f 364/113/342 421/1/328 420/2/331 359/68/343
f 361/114/344 422/11/338 421/1/328 364/113/342
f 423/84/407 422/11/338 361/114/344 402/115/404
f 402/115/404 401/116/403 424/87/408 423/84/407
f 388/75/395 427/51/378 426/52/381 358/77/396
f 543/32/361 387/29/360 428/36/365 542/33/364
f 357/79/401 429/55/382 428/36/365 387/29/360
f 335/21/111 661/3/421 431/3/352 93/21/36
f 432/2/353 431/3/352 661/3/421 662/2/422
f 433/68/388 432/2/353 662/2/422 663/68/423
f 434/67/389 433/68/388 663/68/423 664/117/424
f 435/40/371 561/41/370 665/119/425 666/118/426
f 436/69/390 435/70/371 666/120/426 667/69/427
f 668/5/428 437/5/355 436/69/390 667/69/427
f 438/8/354 437/5/355 668/5/428 669/8/429
f 345/23/121 102/23/33 438/8/354 669/8/429
f 446/45/372 445/16/349 637/16/430 638/45/431
f 445/16/349 444/17/348 636/17/432 637/16/430
f 559/44/373 446/45/372 638/45/431 639/44/433
f 439/14/341 448/13/340 641/13/434 642/14/435
f 448/13/340 447/57/385 640/57/436 641/13/434
f 444/17/348 443/18/351 635/18/437 636/17/432
f 440/15/345 439/14/341 642/14/435 631/15/438
f 441/60/387 440/15/345 631/15/438 632/60/439
f 256/121/132 125/124/135 462/123/440 585/122/441
f 585/122/441 462/123/440 463/126/442 584/125/443
f 584/125/443 463/126/442 480/128/444 583/127/445
f 465/129/446 565/132/447 601/131/448 602/130/449
f 565/133/447 465/136/446 468/135/450 564/134/451
f 564/134/451 468/135/450 469/138/452 563/137/453
f 563/137/453 469/138/452 138/140/149 232/139/148
f 471/141/49 578/144/49 579/143/454 477/142/455
f 578/144/49 471/141/49 548/146/49 577/145/49
f 576/147/49 474/150/49 476/149/49 575/148/49
f 583/151/445 480/154/444 608/153/456 609/152/457
f 430/155/458 374/158/459 461/157/460 464/156/461
f 467/159/462 470/162/463 367/161/464 425/160/465
f 126/163/162 461/157/460 374/158/459 17/164/163
f 20/165/164 367/161/464 470/162/463 137/166/165
f 466/167/466 366/72/391 599/72/394 600/168/467
f 365/78/399 479/170/468 610/169/469 611/78/400
f 2/171/71 375/172/383 462/123/440 125/124/135
f 463/126/442 462/123/440 375/172/383 429/173/382
f 480/154/444 357/79/401 607/79/402 608/153/456
f 603/77/397 358/77/396 465/129/446 602/130/449
f 426/52/381 376/53/380 469/138/452 468/135/450
f 138/140/149 469/138/452 376/53/380 4/64/72
f 550/174/470 398/177/471 472/176/49 549/175/49
f 399/178/472 547/179/473 548/146/49 471/141/49
f 381/72/474 397/182/475 473/181/49 475/180/49
f 472/176/49 398/177/471 383/78/476 478/183/477
f 399/178/472 471/141/49 477/142/455 384/79/478
f 476/149/49 474/150/49 400/184/479 382/77/480
f 466/185/466 467/159/462 425/160/465 366/186/391
f 358/77/396 426/52/381 468/135/450 465/187/446
f 480/128/444 463/126/442 429/173/382 357/188/401
f 365/189/399 430/155/458 464/156/461 479/190/468
f 489/72/481 490/72/482 501/192/483 502/191/484
f 491/77/485 492/77/486 503/194/487 504/193/488
f 493/77/489 494/77/490 497/196/49 498/195/49
f 495/72/491 496/72/492 499/180/49 500/197/49
f 498/195/49 497/196/49 573/199/49 574/198/49
f 567/200/493 568/201/494 504/193/488 503/194/487
f 575/148/49 476/149/49 498/195/49 574/198/49
f 483/202/495 566/203/496 567/200/493 503/194/487
f 504/193/488 568/201/494 569/240/497 488/241/498
f 573/199/49 497/196/49 485/239/499 572/238/500
f 484/204/501 451/72/502 489/72/481 502/191/484
f 381/72/474 475/180/49 499/180/49 496/72/492
f 452/77/503 483/202/495 503/194/487 492/77/486
f 476/149/49 382/77/480 493/77/489 498/195/49
f 501/192/483 490/72/482 457/72/504 487/242/505
f 491/77/485 504/193/488 488/241/498 459/77/506
f 497/196/49 494/77/490 460/77/507 485/239/499
f 495/72/491 500/197/49 486/244/508 458/72/509
f 505/205/510 506/77/511 537/77/512 538/77/513
f 506/77/511 505/205/510 508/207/514 507/206/515
f 545/208/516 546/211/517 510/210/518 509/209/519
f 509/209/519 510/210/518 512/79/520 511/79/521
f 511/79/521 512/79/520 521/213/522 522/212/523
f 513/78/524 514/78/525 523/215/526 524/214/527
f 514/78/525 513/78/524 516/217/528 515/216/529
f 515/216/529 516/217/528 551/219/530 552/218/531
f 517/220/532 518/221/533 520/72/534 519/72/535
f 519/72/535 520/72/534 535/72/536 536/72/537
f 522/212/523 521/213/522 580/223/538 581/222/539
f 525/224/540 526/225/541 530/72/542 529/72/543
f 570/226/544 571/229/545 528/228/546 527/227/547
f 527/227/547 528/228/546 532/77/548 531/77/549
f 533/72/550 534/72/551 529/72/543 530/72/542
f 539/77/552 540/77/553 531/77/549 532/77/548
f 534/72/551 533/72/550 536/72/537 535/72/536
f 538/77/513 537/77/512 540/77/553 539/77/552
f 553/230/554 449/231/555 515/216/529 552/218/531
f 451/72/502 450/232/556 517/220/532 519/72/535
f 453/233/557 452/77/503 506/77/511 507/206/515
f 454/234/558 544/235/559 545/208/516 509/209/519
f 455/79/560 454/234/558 509/209/519 511/79/521
f 449/231/555 456/78/561 514/78/525 515/216/529
f 508/207/514 505/205/510 382/77/480 400/184/479
f 510/210/518 546/211/517 547/179/473 399/178/472
f 512/79/520 510/210/518 399/178/472 384/79/478
f 516/217/528 513/78/524 383/78/476 398/177/471
f 551/219/530 516/217/528 398/177/471 550/174/470
f 520/72/534 518/221/533 397/182/475 381/72/474
f 477/142/455 579/143/454 580/223/538 521/213/522
f 582/236/562 481/237/563 522/212/523 581/222/539
f 572/238/500 485/239/499 528/228/546 571/229/545
f 570/226/544 527/227/547 488/241/498 569/240/497
f 487/242/505 457/72/504 530/72/542 526/225/541
f 527/227/547 531/77/549 459/77/506 488/241/498
f 481/237/563 455/79/560 511/79/521 522/212/523
f 456/78/561 482/243/564 523/215/526 514/78/525
f 521/213/522 512/79/520 384/79/478 477/142/455
f 513/78/524 524/214/527 478/183/477 383/78/476
f 525/224/540 529/72/543 458/72/509 486/244/508
f 460/77/507 532/77/548 528/228/546 485/239/499
f 534/72/551 535/72/536 496/72/492 495/72/491
f 536/72/537 533/72/550 490/72/482 489/72/481
f 492/77/486 491/77/485 540/77/553 537/77/512
f 538/77/513 539/77/552 494/77/490 493/77/489
f 451/72/502 519/72/535 536/72/537 489/72/481
f 506/77/511 452/77/503 492/77/486 537/77/512
f 382/77/480 505/205/510 538/77/513 493/77/489
f 496/72/492 535/72/536 520/72/534 381/72/474
f 490/72/482 533/72/550 530/72/542 457/72/504
f 531/77/549 540/77/553 491/77/485 459/77/506
f 494/77/490 539/77/552 532/77/548 460/77/507
f 534/72/551 495/72/491 458/72/509 529/72/543
f 390/54/379 541/34/367 209/37/49 49/65/73
f 427/51/378 542/33/364 541/34/367 390/54/379
f 388/75/395 543/32/361 542/33/364 427/51/378
f 605/31/362 543/32/361 388/75/395 604/76/398
f 545/208/516 544/235/559 453/233/557 507/206/515
f 507/206/515 508/207/514 546/211/517 545/208/516
f 547/179/473 546/211/517 508/207/514 400/184/479
f 548/146/49 547/179/473 400/184/479 474/150/49
f 577/145/49 548/146/49 474/150/49 576/147/49
f 397/182/475 550/174/470 549/175/49 473/181/49
f 518/221/533 551/219/530 550/174/470 397/182/475
f 552/218/531 551/219/530 518/221/533 517/220/532
f 450/232/556 553/230/554 552/218/531 517/220/532
f 396/74/392 554/47/374 613/48/377 614/73/393
f 410/81/406 409/82/405 556/101/420 555/100/419
f 386/106/386 557/104/357 556/101/420 409/82/405
f 558/27/358 557/28/357 386/59/386 441/60/387
f 447/57/385 559/44/373 639/44/433 640/57/436
f 392/58/384 560/43/369 559/44/373 447/57/385
f 561/41/370 560/42/369 392/66/384 434/67/389
f 665/119/425 561/41/370 434/67/389 664/117/424
f 470/162/463 563/137/453 232/139/148 137/166/165
f 467/159/462 564/134/451 563/137/453 470/162/463
f 466/185/466 565/133/447 564/134/451 467/159/462
f 601/131/448 565/132/447 466/167/466 600/168/467
f 567/200/493 566/203/496 484/204/501 502/191/484
f 502/191/484 501/192/483 568/201/494 567/200/493
f 568/201/494 501/192/483 487/242/505 569/240/497
f 526/225/541 570/226/544 569/240/497 487/242/505
f 526/225/541 525/224/540 571/229/545 570/226/544
f 486/244/508 572/238/500 571/229/545 525/224/540
f 500/197/49 573/199/49 572/238/500 486/244/508
f 574/198/49 573/199/49 500/197/49 499/180/49
f 475/180/49 575/148/49 574/198/49 499/180/49
f 473/181/49 576/147/49 575/148/49 475/180/49
f 549/175/49 577/145/49 576/147/49 473/181/49
f 472/176/49 578/144/49 577/145/49 549/175/49
f 579/143/454 578/144/49 472/176/49 478/183/477
f 580/223/538 579/143/454 478/183/477 524/214/527
f 581/222/539 580/223/538 524/214/527 523/215/526
f 482/243/564 582/236/562 581/222/539 523/215/526
f 479/170/468 583/151/445 609/152/457 610/169/469
f 464/156/461 584/125/443 583/127/445 479/190/468
f 461/157/460 585/122/441 584/125/443 464/156/461
f 126/163/162 256/121/132 585/122/441 461/157/460
f 558/245/358 441/248/387 632/247/439 633/246/565
f 443/245/351 442/248/359 634/247/566 635/246/437
f 442/245/359 558/248/358 633/247/565 634/246/566
f 588/14/567 587/13/568 1059/304/569 1048/305/570
f 589/15/571 588/14/567 1048/305/570 1049/306/572
f 590/60/573 589/15/571 1049/306/572 1050/307/574
f 591/261/575 590/262/573 1050/308/574 1051/309/576
f 592/261/577 591/262/575 1051/310/576 1052/311/578
f 593/261/579 592/262/577 1052/312/578 1053/313/580
f 594/17/581 593/18/579 1053/314/580 1054/315/582
f 595/16/583 594/17/581 1054/315/582 1055/316/584
f 596/45/585 595/16/583 1055/316/584 1056/317/586
f 597/44/587 596/45/585 1056/317/586 1057/318/588
f 598/57/589 597/44/587 1057/318/588 1058/319/590
f 587/13/568 598/57/589 1058/319/590 1059/304/569
f 600/168/467 599/72/394 615/72/591 616/249/592
f 617/250/593 601/131/448 600/168/467 616/249/592
f 602/130/449 601/131/448 617/250/593 618/251/594
f 619/77/595 603/77/397 602/130/449 618/251/594
f 604/76/398 603/77/397 619/77/595 620/252/596
f 621/253/597 605/31/362 604/76/398 620/252/596
f 606/30/363 605/31/362 621/253/597 622/254/598
f 607/79/402 606/30/363 622/254/598 623/79/599
f 608/153/456 607/79/402 623/79/599 624/255/600
f 609/152/457 608/153/456 624/255/600 625/256/601
f 610/169/469 609/152/457 625/256/601 626/257/602
f 611/78/400 610/169/469 626/257/602 627/78/603
f 612/49/376 611/78/400 627/78/603 628/258/604
f 613/48/377 612/49/376 628/258/604 629/259/605
f 614/73/393 613/48/377 629/259/605 630/260/606
f 599/72/394 614/73/393 630/260/606 615/72/591
f 616/249/592 615/72/591 451/72/502 484/204/501
f 566/203/496 617/250/593 616/249/592 484/204/501
f 618/251/594 617/250/593 566/203/496 483/202/495
f 452/77/503 619/77/595 618/251/594 483/202/495
f 620/252/596 619/77/595 452/77/503 453/233/557
f 544/235/559 621/253/597 620/252/596 453/233/557
f 622/254/598 621/253/597 544/235/559 454/234/558
f 623/79/599 622/254/598 454/234/558 455/79/560
f 624/255/600 623/79/599 455/79/560 481/237/563
f 625/256/601 624/255/600 481/237/563 582/236/562
f 626/257/602 625/256/601 582/236/562 482/243/564
f 627/78/603 626/257/602 482/243/564 456/78/561
f 628/258/604 627/78/603 456/78/561 449/231/555
f 629/259/605 628/258/604 449/231/555 553/230/554
f 630/260/606 629/259/605 553/230/554 450/232/556
f 615/72/591 630/260/606 450/232/556 451/72/502
f 632/60/439 631/15/438 589/15/571 590/60/573
f 633/246/565 632/247/439 590/262/573 591/261/575
f 634/246/566 633/247/565 591/262/575 592/261/577
f 635/246/437 634/247/566 592/262/577 593/261/579
f 636/17/432 635/18/437 593/18/579 594/17/581
f 637/16/430 636/17/432 594/17/581 595/16/583
f 638/45/431 637/16/430 595/16/583 596/45/585
f 639/44/433 638/45/431 596/45/585 597/44/587
f 640/57/436 639/44/433 597/44/587 598/57/589
f 641/13/434 640/57/436 598/57/589 587/13/568
f 642/14/435 641/13/434 587/13/568 588/14/567
f 631/15/438 642/14/435 588/14/567 589/15/571
f 314/263/295 313/266/298 643/265/607 644/264/608
f 644/264/608 643/265/607 646/268/609 645/267/610
f 645/267/610 646/268/609 659/270/611 660/269/612
f 647/271/613 648/274/614 658/273/615 657/272/616
f 648/275/614 647/278/613 650/277/617 649/276/618
f 649/276/618 650/277/617 651/280/619 652/279/620
f 652/279/620 651/280/619 326/282/312 325/281/311
f 653/283/621 654/286/622 660/285/612 659/284/611
f 654/286/622 653/283/621 655/288/623 656/287/624
f 656/287/624 655/288/623 657/272/616 658/273/615
f 17/164/163 374/158/459 643/265/607 313/266/298
f 430/155/458 646/268/609 643/265/607 374/158/459
f 425/160/465 367/161/464 651/280/619 650/277/617
f 326/282/312 651/280/619 367/161/464 20/165/164
f 655/288/623 653/283/621 395/50/375 554/47/374
f 653/283/621 659/284/611 365/78/399 395/50/375
f 647/271/613 657/272/616 396/74/392 366/72/391
f 649/276/618 652/279/620 404/86/409 424/87/408
f 413/95/413 406/92/411 644/264/608 645/267/610
f 68/89/98 404/86/409 652/279/620 325/281/311
f 314/263/295 644/264/608 406/92/411 63/93/102
f 555/100/419 411/98/417 654/286/622 656/287/624
f 410/81/406 658/273/615 648/290/614 401/289/403
f 408/291/416 660/292/612 654/286/622 411/98/417
f 408/110/416 413/95/413 645/267/610 660/269/612
f 648/275/614 649/276/618 424/87/408 401/116/403
f 366/186/391 425/160/465 650/277/617 647/278/613
f 659/270/611 646/268/609 430/155/458 365/189/399
f 657/272/616 655/288/623 554/47/374 396/74/392
f 410/81/406 555/100/419 656/287/624 658/273/615
f 33/320/317 378/321/625 661/3/421 335/21/111
f 662/2/422 661/3/421 378/321/625 419/322/626
f 663/68/423 662/2/422 419/322/626 377/323/627
f 664/117/424 663/68/423 377/323/627 393/324/628
f 562/325/629 665/119/425 664/117/424 393/324/628
f 666/118/426 665/119/425 562/325/629 394/326/630
f 667/69/427 666/120/426 394/326/630 380/327/631
f 418/328/632 668/5/428 667/69/427 380/327/631
f 669/8/429 668/5/428 418/328/632 379/329/633
f 34/330/327 345/23/121 669/8/429 379/329/633
f 52/331/323 36/332/324 671/333/634 670/334/635
f 36/332/324 80/335/325 672/336/636 671/333/634
f 80/335/325 35/337/326 673/338/637 672/336/636
f 35/337/326 34/339/327 674/340/638 673/338/637
f 34/339/327 379/341/633 675/342/639 674/340/638
f 379/341/633 418/343/632 676/344/640 675/342/639
f 418/343/632 380/345/631 677/346/641 676/344/640
f 380/345/631 394/347/630 678/348/642 677/346/641
f 394/347/630 562/349/629 679/350/643 678/348/642
f 562/349/629 393/351/628 680/352/644 679/350/643
f 393/351/628 377/353/627 681/354/645 680/352/644
f 377/353/627 419/355/626 682/356/646 681/354/645
f 419/355/626 378/357/625 683/358/647 682/356/646
f 378/357/625 33/359/317 684/360/648 683/358/647
f 33/359/317 32/361/318 685/362/649 684/360/648
f 32/361/318 81/363/319 686/364/650 685/362/649
f 81/363/319 31/365/320 687/366/651 686/364/650
f 31/365/320 51/367/321 688/368/652 687/366/651
f 51/367/321 231/369/322 689/370/653 688/368/652
f 231/369/322 52/371/323 670/372/635 689/370/653
f 670/334/635 671/333/634 691/373/654 690/374/655
f 671/333/634 672/336/636 692/375/656 691/373/654
f 672/336/636 673/338/637 693/376/657 692/375/656
f 673/338/637 674/340/638 694/377/658 693/376/657
f 674/340/638 675/342/639 695/378/659 694/377/658
f 675/342/639 676/344/640 696/379/660 695/378/659
f 676/344/640 677/346/641 697/380/661 696/379/660
f 677/346/641 678/348/642 698/381/662 697/380/661
f 678/348/642 679/350/643 699/382/663 698/381/662
f 679/350/643 680/352/644 700/383/664 699/382/663
f 680/352/644 681/354/645 701/384/665 700/383/664
f 681/354/645 682/356/646 702/385/666 701/384/665
f 682/356/646 683/358/647 703/386/667 702/385/666
f 683/358/647 684/360/648 704/387/668 703/386/667
f 684/360/648 685/362/649 705/388/669 704/387/668
f 685/362/649 686/364/650 706/389/670 705/388/669
f 686/364/650 687/366/651 707/390/671 706/389/670
f 687/366/651 688/368/652 708/391/672 707/390/671
f 688/368/652 689/370/653 709/392/673 708/391/672
f 689/370/653 670/372/635 690/393/655 709/392/673
f 690/374/655 691/373/654 711/394/674 710/395/675
f 691/373/654 692/375/656 712/396/676 711/394/674
f 692/375/656 693/376/657 713/397/677 712/396/676
f 693/376/657 694/377/658 714/398/678 713/397/677
f 694/377/658 695/378/659 715/107/679 714/398/678
f 695/378/659 696/379/660 716/399/680 715/107/679
f 696/379/660 697/380/661 717/400/681 716/399/680
f 697/380/661 698/381/662 718/401/682 717/400/681
f 698/381/662 699/382/663 719/402/683 718/401/682
f 699/382/663 700/383/664 720/403/684 719/402/683
f 700/383/664 701/384/665 721/404/685 720/403/684
f 701/384/665 702/385/666 722/405/686 721/404/685
f 702/385/666 703/386/667 723/406/687 722/405/686
f 703/386/667 704/387/668 724/407/688 723/406/687
f 704/387/668 705/388/669 725/408/689 724/407/688
f 705/388/669 706/389/670 726/409/690 725/408/689
f 706/389/670 707/390/671 727/410/691 726/409/690
f 707/390/671 708/391/672 728/411/692 727/410/691
f 708/391/672 709/392/673 729/412/693 728/411/692
f 709/392/673 690/393/655 710/413/675 729/412/693
f 710/395/675 711/394/674 731/414/694 730/415/695
f 711/394/674 712/396/676 732/416/696 731/414/694
f 712/396/676 713/397/677 733/417/697 732/416/696
f 713/397/677 714/398/678 734/418/698 733/417/697
f 714/398/678 715/107/679 735/419/699 734/418/698
f 715/107/679 716/399/680 736/420/700 735/419/699
f 716/399/680 717/400/681 737/421/701 736/420/700
f 717/400/681 718/401/682 738/422/702 737/421/701
f 718/401/682 719/402/683 739/423/703 738/422/702
f 719/402/683 720/403/684 740/424/704 739/423/703
f 720/403/684 721/404/685 741/425/705 740/424/704
f 721/404/685 722/405/686 742/426/706 741/425/705
f 722/405/686 723/406/687 743/427/707 742/426/706
f 723/406/687 724/407/688 744/428/708 743/427/707
f 724/407/688 725/408/689 745/429/709 744/428/708
f 725/408/689 726/409/690 746/430/710 745/429/709
f 726/409/690 727/410/691 747/431/711 746/430/710
f 727/410/691 728/411/692 748/432/712 747/431/711
f 728/411/692 729/412/693 749/433/713 748/432/712
f 729/412/693 710/413/675 730/434/695 749/433/713
f 730/415/695 731/414/694 751/435/714 750/436/715
f 731/414/694 732/416/696 752/437/716 751/435/714
f 732/416/696 733/417/697 753/438/717 752/437/716
f 733/417/697 734/418/698 754/439/718 753/438/717
f 734/418/698 735/419/699 755/440/719 754/439/718
f 735/419/699 736/420/700 756/441/720 755/440/719
f 736/420/700 737/421/701 757/442/721 756/441/720
f 737/421/701 738/422/702 758/443/722 757/442/721
f 738/422/702 739/423/703 759/444/723 758/443/722
f 739/423/703 740/424/704 760/445/724 759/444/723
f 740/424/704 741/425/705 761/446/725 760/445/724
f 741/425/705 742/426/706 762/447/726 761/446/725
f 742/426/706 743/427/707 763/448/727 762/447/726
f 743/427/707 744/428/708 764/449/728 763/448/727
f 744/428/708 745/429/709 765/450/729 764/449/728
f 745/429/709 746/430/710 766/451/730 765/450/729
f 746/430/710 747/431/711 767/452/731 766/451/730
f 747/431/711 748/432/712 768/453/732 767/452/731
f 748/432/712 749/433/713 769/454/733 768/453/732
f 749/433/713 730/434/695 750/455/715 769/454/733
f 750/436/715 751/435/714 771/456/734 770/457/735
f 751/435/714 752/437/716 772/458/736 771/456/734
f 752/437/716 753/438/717 773/459/737 772/458/736
f 753/438/717 754/439/718 774/460/738 773/459/737
f 754/439/718 755/440/719 775/461/739 774/460/738
f 755/440/719 756/441/720 776/462/740 775/461/739
f 756/441/720 757/442/721 777/463/741 776/462/740
f 757/442/721 758/443/722 778/464/742 777/463/741
f 758/443/722 759/444/723 779/465/743 778/464/742
f 759/444/723 760/445/724 780/466/744 779/465/743
f 760/445/724 761/446/725 781/467/745 780/466/744
f 761/446/725 762/447/726 782/468/746 781/467/745
f 762/447/726 763/448/727 783/469/747 782/468/746
f 763/448/727 764/449/728 784/470/748 783/469/747
f 764/449/728 765/450/729 785/471/749 784/470/748
f 765/450/729 766/451/730 786/472/750 785/471/749
f 766/451/730 767/452/731 787/473/751 786/472/750
f 767/452/731 768/453/732 788/474/752 787/473/751
f 768/453/732 769/454/733 789/475/753 788/474/752
f 769/454/733 750/455/715 770/476/735 789/475/753
f 770/457/735 771/456/734 791/477/754 790/478/755
f 771/456/734 772/458/736 792/479/756 791/477/754
f 772/458/736 773/459/737 793/480/757 792/479/756
f 773/459/737 774/460/738 794/481/758 793/480/757
f 774/460/738 775/461/739 795/482/759 794/481/758
f 775/461/739 776/462/740 796/483/760 795/482/759
f 776/462/740 777/463/741 797/484/761 796/483/760
f 777/463/741 778/464/742 798/485/762 797/484/761
f 778/464/742 779/465/743 799/486/763 798/485/762
f 779/465/743 780/466/744 800/487/764 799/486/763
f 780/466/744 781/467/745 801/488/765 800/487/764
f 781/467/745 782/468/746 802/489/766 801/488/765
f 782/468/746 783/469/747 803/490/767 802/489/766
f 783/469/747 784/470/748 804/491/768 803/490/767
f 784/470/748 785/471/749 805/492/769 804/491/768
f 785/471/749 786/472/750 806/493/770 805/492/769
f 786/472/750 787/473/751 807/494/771 806/493/770
f 787/473/751 788/474/752 808/495/772 807/494/771
f 788/474/752 789/475/753 809/496/773 808/495/772
f 789/475/753 770/476/735 790/497/755 809/496/773
f 790/478/755 791/477/754 811/498/774 810/499/775
f 791/477/754 792/479/756 812/500/776 811/498/774
f 792/479/756 793/480/757 813/501/777 812/500/776
f 793/480/757 794/481/758 814/502/778 813/501/777
f 794/481/758 795/482/759 815/503/779 814/502/778
f 795/482/759 796/483/760 816/504/780 815/503/779
f 796/483/760 797/484/761 817/505/781 816/504/780
f 797/484/761 798/485/762 818/506/782 817/505/781
f 798/485/762 799/486/763 819/507/783 818/506/782
f 799/486/763 800/487/764 820/508/784 819/507/783
f 800/487/764 801/488/765 821/509/785 820/508/784
f 801/488/765 802/489/766 822/510/786 821/509/785
f 802/489/766 803/490/767 823/511/787 822/510/786
f 803/490/767 804/491/768 824/512/788 823/511/787
f 804/491/768 805/492/769 825/513/789 824/512/788
f 805/492/769 806/493/770 826/514/790 825/513/789
f 806/493/770 807/494/771 827/515/791 826/514/790
f 807/494/771 808/495/772 828/516/792 827/515/791
f 808/495/772 809/496/773 829/517/793 828/516/792
f 809/496/773 790/497/755 810/518/775 829/517/793
f 810/499/775 811/498/774 831/519/794 830/520/795
f 811/498/774 812/500/776 832/521/796 831/519/794
f 812/500/776 813/501/777 833/522/797 832/521/796
f 813/501/777 814/502/778 834/523/798 833/522/797
f 814/502/778 815/503/779 835/524/799 834/523/798
f 815/503/779 816/504/780 836/525/800 835/524/799
f 816/504/780 817/505/781 837/526/801 836/525/800
f 817/505/781 818/506/782 838/527/802 837/526/801
f 818/506/782 819/507/783 839/528/803 838/527/802
f 819/507/783 820/508/784 840/529/804 839/528/803
f 820/508/784 821/509/785 841/530/805 840/529/804
f 821/509/785 822/510/786 842/531/806 841/530/805
f 822/510/786 823/511/787 843/532/807 842/531/806
f 823/511/787 824/512/788 844/533/808 843/532/807
f 824/512/788 825/513/789 845/534/809 844/533/808
f 825/513/789 826/514/790 846/535/810 845/534/809
f 826/514/790 827/515/791 847/536/811 846/535/810
f 827/515/791 828/516/792 848/537/812 847/536/811
f 828/516/792 829/517/793 849/538/813 848/537/812
f 829/517/793 810/518/775 830/539/795 849/538/813
f 830/520/795 831/519/794 851/540/814 850/541/815
f 831/519/794 832/521/796 852/542/816 851/540/814
f 832/521/796 833/522/797 853/543/817 852/542/816
f 833/522/797 834/523/798 854/544/818 853/543/817
f 834/523/798 835/524/799 855/545/819 854/544/818
f 835/524/799 836/525/800 856/546/820 855/545/819
f 836/525/800 837/526/801 857/547/821 856/546/820
f 837/526/801 838/527/802 858/548/822 857/547/821
f 838/527/802 839/528/803 859/549/823 858/548/822
f 839/528/803 840/529/804 860/550/824 859/549/823
f 840/529/804 841/530/805 861/551/825 860/550/824
f 841/530/805 842/531/806 862/552/826 861/551/825
f 842/531/806 843/532/807 863/553/827 862/552/826
f 843/532/807 844/533/808 864/554/828 863/553/827
f 844/533/808 845/534/809 865/555/829 864/554/828
f 845/534/809 846/535/810 866/556/830 865/555/829
f 846/535/810 847/536/811 867/557/831 866/556/830
f 847/536/811 848/537/812 868/558/832 867/557/831
f 848/537/812 849/538/813 869/559/833 868/558/832
f 849/538/813 830/539/795 850/560/815 869/559/833
f 850/541/815 851/540/814 871/561/834 870/562/835
f 851/540/814 852/542/816 872/563/836 871/561/834
f 852/542/816 853/543/817 873/564/837 872/563/836
f 853/543/817 854/544/818 874/565/838 873/564/837
f 854/544/818 855/545/819 875/566/839 874/565/838
f 855/545/819 856/546/820 876/567/840 875/566/839
f 856/546/820 857/547/821 877/568/841 876/567/840
f 857/547/821 858/548/822 878/569/842 877/568/841
f 858/548/822 859/549/823 879/570/843 878/569/842
f 859/549/823 860/550/824 880/571/844 879/570/843
f 860/550/824 861/551/825 881/572/845 880/571/844
f 861/551/825 862/552/826 882/573/846 881/572/845
f 862/552/826 863/553/827 883/574/847 882/573/846
f 863/553/827 864/554/828 884/575/848 883/574/847
f 864/554/828 865/555/829 885/576/849 884/575/848
f 865/555/829 866/556/830 886/577/850 885/576/849
f 866/556/830 867/557/831 887/578/851 886/577/850
f 867/557/831 868/558/832 888/579/852 887/578/851
f 868/558/832 869/559/833 889/580/853 888/579/852
f 869/559/833 850/560/815 870/581/835 889/580/853
f 870/562/835 871/561/834 891/582/854 890/583/855
f 871/561/834 872/563/836 892/584/856 891/582/854
f 872/563/836 873/564/837 893/585/857 892/584/856
f 873/564/837 874/565/838 894/586/858 893/585/857
f 874/565/838 875/566/839 895/587/859 894/586/858
f 875/566/839 876/567/840 896/588/860 895/587/859
f 876/567/840 877/568/841 897/589/861 896/588/860
f 877/568/841 878/569/842 898/590/862 897/589/861
f 878/569/842 879/570/843 899/591/863 898/590/862
f 879/570/843 880/571/844 900/592/864 899/591/863
f 880/571/844 881/572/845 901/593/865 900/592/864
f 881/572/845 882/573/846 902/594/866 901/593/865
f 882/573/846 883/574/847 903/595/867 902/594/866
f 883/574/847 884/575/848 904/596/868 903/595/867
f 884/575/848 885/576/849 905/597/869 904/596/868
f 885/576/849 886/577/850 906/598/870 905/597/869
f 886/577/850 887/578/851 907/599/871 906/598/870
f 887/578/851 888/579/852 908/600/872 907/599/871
f 888/579/852 889/580/853 909/601/873 908/600/872
f 889/580/853 870/581/835 890/602/855 909/601/873
f 890/583/855 891/582/854 911/603/874 910/604/875
f 891/582/854 892/584/856 912/605/876 911/603/874
f 892/584/856 893/585/857 913/606/877 912/605/876
f 893/585/857 894/586/858 914/607/878 913/606/877
f 894/586/858 895/587/859 915/608/879 914/607/878
f 895/587/859 896/588/860 916/609/880 915/608/879
f 896/588/860 897/589/861 917/610/881 916/609/880
f 897/589/861 898/590/862 918/611/882 917/610/881
f 898/590/862 899/591/863 919/612/883 918/611/882
f 899/591/863 900/592/864 920/613/884 919/612/883
f 900/592/864 901/593/865 921/614/885 920/613/884
f 901/593/865 902/594/866 922/615/886 921/614/885
f 902/594/866 903/595/867 923/616/887 922/615/886
f 903/595/867 904/596/868 924/617/888 923/616/887
f 904/596/868 905/597/869 925/618/889 924/617/888
f 905/597/869 906/598/870 926/619/890 925/618/889
f 906/598/870 907/599/871 927/620/891 926/619/890
f 907/599/871 908/600/872 928/621/892 927/620/891
f 908/600/872 909/601/873 929/622/893 928/621/892
f 909/601/873 890/602/855 910/623/875 929/622/893
f 910/604/875 911/603/874 931/624/894 930/625/895
f 911/603/874 912/605/876 932/626/896 931/624/894
f 912/605/876 913/606/877 933/627/897 932/626/896
f 913/606/877 914/607/878 934/628/898 933/627/897
f 914/607/878 915/608/879 935/629/899 934/628/898
f 915/608/879 916/609/880 936/630/900 935/629/899
f 916/609/880 917/610/881 937/631/901 936/630/900
f 917/610/881 918/611/882 938/632/902 937/631/901
f 918/611/882 919/612/883 939/633/903 938/632/902
f 919/612/883 920/613/884 940/634/904 939/633/903
f 920/613/884 921/614/885 941/635/905 940/634/904
f 921/614/885 922/615/886 942/636/906 941/635/905
f 922/615/886 923/616/887 943/637/907 942/636/906
f 923/616/887 924/617/888 944/638/908 943/637/907
f 924/617/888 925/618/889 945/639/909 944/638/908
f 925/618/889 926/619/890 946/640/910 945/639/909
f 926/619/890 927/620/891 947/641/911 946/640/910
f 927/620/891 928/621/892 948/642/912 947/641/911
f 928/621/892 929/622/893 949/643/913 948/642/912
f 929/622/893 910/623/875 930/644/895 949/643/913
f 930/625/895 931/624/894 951/645/914 950/646/915
f 931/624/894 932/626/896 952/647/916 951/645/914
f 932/626/896 933/627/897 953/648/917 952/647/916
f 933/627/897 934/628/898 954/649/918 953/648/917
f 934/628/898 935/629/899 955/650/919 954/649/918
f 935/629/899 936/630/900 956/651/920 955/650/919
f 936/630/900 937/631/901 957/652/921 956/651/920
f 937/631/901 938/632/902 958/653/922 957/652/921
f 938/632/902 939/633/903 959/654/923 958/653/922
f 939/633/903 940/634/904 960/655/924 959/654/923
f 940/634/904 941/635/905 961/656/925 960/655/924
f 941/635/905 942/636/906 962/657/926 961/656/925
f 942/636/906 943/637/907 963/658/927 962/657/926
f 943/637/907 944/638/908 964/659/928 963/658/927
f 944/638/908 945/639/909 965/660/929 964/659/928
f 945/639/909 946/640/910 966/661/930 965/660/929
f 946/640/910 947/641/911 967/662/931 966/661/930
f 947/641/911 948/642/912 968/663/932 967/662/931
f 948/642/912 949/643/913 969/664/933 968/663/932
f 949/643/913 930/644/895 950/665/915 969/664/933
f 950/646/915 951/645/914 971/666/934 970/667/935
f 951/645/914 952/647/916 972/668/936 971/666/934
f 952/647/916 953/648/917 973/669/937 972/668/936
f 953/648/917 954/649/918 974/670/938 973/669/937
f 954/649/918 955/650/919 975/671/939 974/670/938
f 955/650/919 956/651/920 976/672/940 975/671/939
f 956/651/920 957/652/921 977/673/941 976/672/940
f 957/652/921 958/653/922 978/674/942 977/673/941
f 958/653/922 959/654/923 979/675/943 978/674/942
f 959/654/923 960/655/924 980/676/944 979/675/943
f 960/655/924 961/656/925 981/677/945 980/676/944
f 961/656/925 962/657/926 982/678/946 981/677/945
f 962/657/926 963/658/927 983/679/947 982/678/946
f 963/658/927 964/659/928 984/680/948 983/679/947
f 964/659/928 965/660/929 985/681/949 984/680/948
f 965/660/929 966/661/930 986/682/950 985/681/949
f 966/661/930 967/662/931 987/683/951 986/682/950
f 967/662/931 968/663/932 988/684/952 987/683/951
f 968/663/932 969/664/933 989/685/953 988/684/952
f 969/664/933 950/665/915 970/686/935 989/685/953
f 970/667/935 971/666/934 991/687/954 990/688/955
f 971/666/934 972/668/936 992/689/956 991/687/954
f 972/668/936 973/669/937 993/690/957 992/689/956
f 973/669/937 974/670/938 994/691/958 993/690/957
f 974/670/938 975/671/939 995/692/959 994/691/958
f 975/671/939 976/672/940 996/693/960 995/692/959
f 976/672/940 977/673/941 997/694/961 996/693/960
f 977/673/941 978/674/942 998/695/962 997/694/961
f 978/674/942 979/675/943 999/696/963 998/695/962
f 979/675/943 980/676/944 1000/697/964 999/696/963
f 980/676/944 981/677/945 1001/698/965 1000/697/964
f 981/677/945 982/678/946 1002/699/966 1001/698/965
f 982/678/946 983/679/947 1003/700/967 1002/699/966
f 983/679/947 984/680/948 1004/701/968 1003/700/967
f 984/680/948 985/681/949 1005/702/969 1004/701/968
f 985/681/949 986/682/950 1006/703/970 1005/702/969
f 986/682/950 987/683/951 1007/704/971 1006/703/970
f 987/683/951 988/684/952 1008/705/972 1007/704/971
f 988/684/952 989/685/953 1009/706/973 1008/705/972
f 989/685/953 970/686/935 990/707/955 1009/706/973
f 990/688/955 991/687/954 1010/708/974
f 991/687/954 992/689/956 1010/709/974
f 992/689/956 993/690/957 1010/710/974
f 993/690/957 994/691/958 1010/711/974
f 994/691/958 995/692/959 1010/712/974
f 995/692/959 996/693/960 1010/713/974
f 996/693/960 997/694/961 1010/714/974
f 997/694/961 998/695/962 1010/188/974
f 998/695/962 999/696/963 1010/715/974
f 999/696/963 1000/697/964 1010/716/974
f 1000/697/964 1001/698/965 1010/717/974
f 1001/698/965 1002/699/966 1010/718/974
f 1002/699/966 1003/700/967 1010/171/974
f 1003/700/967 1004/701/968 1010/719/974
f 1004/701/968 1005/702/969 1010/720/974
f 1005/702/969 1006/703/970 1010/721/974
f 1006/703/970 1007/704/971 1010/722/974
f 1007/704/971 1008/705/972 1010/723/974
f 1008/705/972 1009/706/973 1010/724/974
f 1009/706/973 990/707/955 1010/725/974
f 352/245/975 353/248/976 1012/726/977 1011/727/978
f 351/245/979 352/248/975 1011/726/978 1013/727/980
f 348/245/981 349/248/982 1015/726/983 1014/727/984
f 347/245/985 348/248/981 1014/726/984 1016/727/986
f 346/245/987 347/248/985 1016/726/986 1017/727/988
f 354/245/989 355/248/990 1019/726/991 1018/727/992
f 353/245/976 354/248/989 1018/726/992 1012/727/977
f 355/245/990 356/248/993 1020/726/994 1019/727/991
f 356/245/993 346/248/987 1017/726/988 1020/727/994
f 586/245/995 351/248/979 1013/726/980 1021/727/996
f 349/245/982 350/248/997 1022/726/998 1015/727/983
f 350/245/997 586/248/995 1021/726/996 1022/727/998
f 1011/245/978 1012/248/977 1061/518/999 1062/499/1000
f 1013/245/980 1011/248/978 1062/518/1000 1063/499/1001
f 1014/245/984 1015/248/983 1066/518/1002 1067/499/1003
f 1016/245/986 1014/248/984 1067/518/1003 1068/499/1004
f 1017/245/988 1016/248/986 1068/518/1004 1069/499/1005
f 1018/245/992 1019/248/991 1071/518/1006 1060/499/1007
f 1012/245/977 1018/248/992 1060/518/1007 1061/499/999
f 1019/245/991 1020/248/994 1070/518/1008 1071/499/1006
f 1020/245/994 1017/248/988 1069/518/1005 1070/499/1008
f 1021/245/996 1013/248/980 1063/518/1001 1064/499/1009
f 1015/245/983 1022/248/998 1065/518/1010 1066/499/1002
f 1022/245/998 1021/248/996 1064/518/1009 1065/499/1010
f 1023/245/1011 1024/248/1012 1073/518/1013 1074/499/1014
f 1025/245/1015 1023/248/1011 1074/518/1014 1075/499/1016
f 1026/245/1017 1027/248/1018 1078/518/1019 1079/499/1020
f 1028/245/1021 1026/248/1017 1079/518/1020 1080/499/1022
f 1029/245/1023 1028/248/1021 1080/518/1022 1081/499/1024
f 1030/245/1025 1031/248/1026 1083/518/1027 1072/499/1028
f 1024/245/1012 1030/248/1025 1072/518/1028 1073/499/1013
f 1031/245/1026 1032/248/1029 1082/518/1030 1083/499/1027
f 1032/245/1029 1029/248/1023 1081/518/1024 1082/499/1030
f 1033/245/1031 1025/248/1015 1075/518/1016 1076/499/1032
f 1027/245/1018 1034/248/1033 1077/518/1034 1078/499/1019
f 1034/245/1033 1033/248/1031 1076/518/1032 1077/499/1034
f 1035/245/1035 1036/248/1036 1047/728/1037
f 1037/245/1038 1035/248/1035 1047/728/1037
f 1038/245/1039 1039/248/1040 1047/728/1037
f 1040/245/1041 1038/248/1039 1047/728/1037
f 1041/245/1042 1040/248/1041 1047/728/1037
f 1042/245/1043 1043/248/1044 1047/728/1037
f 1036/245/1036 1042/248/1043 1047/728/1037
f 1043/245/1044 1044/248/1045 1047/728/1037
f 1044/245/1045 1041/248/1042 1047/728/1037
f 1045/245/1046 1037/248/1038 1047/728/1037
f 1039/245/1040 1046/248/1047 1047/728/1037
f 1046/245/1047 1045/248/1046 1047/728/1037
f 1049/306/572 1048/305/570 353/729/976 352/730/975
f 1050/307/574 1049/306/572 352/730/975 351/731/979
f 1051/309/576 1050/308/574 351/732/979 586/727/995
f 1052/311/578 1051/310/576 586/726/995 350/733/997
f 1053/313/580 1052/312/578 350/734/997 349/735/982
f 1054/315/582 1053/314/580 349/736/982 348/737/981
f 1055/316/584 1054/315/582 348/737/981 347/738/985
f 1056/317/586 1055/316/584 347/738/985 346/739/987
f 1057/318/588 1056/317/586 346/739/987 356/740/993
f 1058/319/590 1057/318/588 356/740/993 355/741/990
f 1059/304/569 1058/319/590 355/741/990 354/742/989
f 1048/305/570 1059/304/569 354/742/989 353/729/976
f 1061/499/999 1060/518/1007 1030/726/1025 1024/727/1012
f 1062/499/1000 1061/518/999 1024/726/1012 1023/727/1011
f 1063/499/1001 1062/518/1000 1023/726/1011 1025/727/1015
f 1064/499/1009 1063/518/1001 1025/726/1015 1033/727/1031
f 1065/499/1010 1064/518/1009 1033/726/1031 1034/727/1033
f 1066/499/1002 1065/518/1010 1034/726/1033 1027/727/1018
f 1067/499/1003 1066/518/1002 1027/726/1018 1026/727/1017
f 1068/499/1004 1067/518/1003 1026/726/1017 1028/727/1021
f 1069/499/1005 1068/518/1004 1028/726/1021 1029/727/1023
f 1070/499/1008 1069/518/1005 1029/726/1023 1032/727/1029
f 1071/499/1006 1070/518/1008 1032/726/1029 1031/727/1026
f 1060/499/1007 1071/518/1006 1031/726/1026 1030/727/1025
f 1073/499/1013 1072/518/1028 1042/726/1043 1036/727/1036
f 1074/499/1014 1073/518/1013 1036/726/1036 1035/727/1035
f 1075/499/1016 1074/518/1014 1035/726/1035 1037/727/1038
f 1076/499/1032 1075/518/1016 1037/726/1038 1045/727/1046
f 1077/499/1034 1076/518/1032 1045/726/1046 1046/727/1047
f 1078/499/1019 1077/518/1034 1046/726/1047 1039/727/1040
f 1079/499/1020 1078/518/1019 1039/726/1040 1038/727/1039
f 1080/499/1022 1079/518/1020 1038/726/1039 1040/727/1041
f 1081/499/1024 1080/518/1022 1040/726/1041 1041/727/1042
f 1082/499/1030 1081/518/1024 1041/726/1042 1044/727/1045
f 1083/499/1027 1082/518/1030 1044/726/1045 1043/727/1044
f 1072/499/1028 1083/518/1027 1043/726/1044 1042/727/1043
f 258/14/294 1085/305/1048 1084/304/1049 257/13/293
f 259/15/284 1086/306/1050 1085/305/1048 258/14/294
f 260/60/283 1087/307/1051 1086/306/1050 259/15/284
f 261/261/285 1088/309/1052 1087/308/1051 260/262/283
f 262/261/286 1089/311/1053 1088/310/1052 261/262/285
f 263/261/287 1090/313/1054 1089/312/1053 262/262/286
f 264/17/288 1091/315/1055 1090/314/1054 263/18/287
f 265/16/289 1092/316/1056 1091/315/1055 264/17/288
f 266/45/290 1093/317/1057 1092/316/1056 265/16/289
f 267/44/291 1094/318/1058 1093/317/1057 266/45/290
f 268/57/292 1095/319/1059 1094/318/1058 267/44/291
f 257/13/293 1084/304/1049 1095/319/1059 268/57/292
f 1096/245/1060 1099/727/1061 1098/726/1062 1097/248/1063
f 1100/245/1064 1101/727/1065 1099/726/1061 1096/248/1060
f 1102/245/1066 1105/727/1067 1104/726/1068 1103/248/1069
f 1106/245/1070 1107/727/1071 1105/726/1067 1102/248/1066
f 1108/245/1072 1109/727/1073 1107/726/1071 1106/248/1070
f 1110/245/1074 1113/727/1075 1112/726/1076 1111/248/1077
f 1097/245/1063 1098/727/1062 1113/726/1075 1110/248/1074
f 1111/245/1077 1112/727/1076 1115/726/1078 1114/248/1079
f 1114/245/1079 1115/727/1078 1109/726/1073 1108/248/1072
f 1116/245/1080 1117/727/1081 1101/726/1065 1100/248/1064
f 1103/245/1069 1104/727/1068 1119/726/1082 1118/248/1083
f 1118/245/1083 1119/727/1082 1117/726/1081 1116/248/1080
f 1099/245/1061 1121/499/1084 1120/518/1085 1098/248/1062
f 1101/245/1065 1122/499/1086 1121/518/1084 1099/248/1061
f 1105/245/1067 1124/499/1087 1123/518/1088 1104/248/1068
f 1107/245/1071 1125/499/1089 1124/518/1087 1105/248/1067
f 1109/245/1073 1126/499/1090 1125/518/1089 1107/248/1071
f 1113/245/1075 1128/499/1091 1127/518/1092 1112/248/1076
f 1098/245/1062 1120/499/1085 1128/518/1091 1113/248/1075
f 1112/245/1076 1127/499/1092 1129/518/1093 1115/248/1078
f 1115/245/1078 1129/499/1093 1126/518/1090 1109/248/1073
f 1117/245/1081 1130/499/1094 1122/518/1086 1101/248/1065
f 1104/245/1068 1123/499/1088 1131/518/1095 1119/248/1082
f 1119/245/1082 1131/499/1095 1130/518/1094 1117/248/1081
f 1132/245/1096 1135/499/1097 1134/518/1098 1133/248/1099
f 1136/245/1100 1137/499/1101 1135/518/1097 1132/248/1096
f 1138/245/1102 1141/499/1103 1140/518/1104 1139/248/1105
f 1142/245/1106 1143/499/1107 1141/518/1103 1138/248/1102
f 1144/245/1108 1145/499/1109 1143/518/1107 1142/248/1106
f 1146/245/1110 1149/499/1111 1148/518/1112 1147/248/1113
f 1133/245/1099 1134/499/1098 1149/518/1111 1146/248/1110
f 1147/245/1113 1148/499/1112 1151/518/1114 1150/248/1115
f 1150/245/1115 1151/499/1114 1145/518/1109 1144/248/1108
f 1152/245/1116 1153/499/1117 1137/518/1101 1136/248/1100
f 1139/245/1105 1140/499/1104 1155/518/1118 1154/248/1119
f 1154/245/1119 1155/499/1118 1153/518/1117 1152/248/1116
f 1156/245/1120 1158/728/1121 1157/248/1122
f 1159/245/1123 1158/728/1121 1156/248/1120
f 1160/245/1124 1158/728/1121 1161/248/1125
f 1162/245/1126 1158/728/1121 1160/248/1124
f 1163/245/1127 1158/728/1121 1162/248/1126
f 1164/245/1128 1158/728/1121 1165/248/1129
f 1157/245/1122 1158/728/1121 1164/248/1128
f 1165/245/1129 1158/728/1121 1166/248/1130
f 1166/245/1130 1158/728/1121 1163/248/1127
f 1167/245/1131 1158/728/1121 1159/248/1123
f 1161/245/1125 1158/728/1121 1168/248/1132
f 1168/245/1132 1158/728/1121 1167/248/1131
f 1086/306/1050 1096/730/1060 1097/729/1063 1085/305/1048
f 1087/307/1051 1100/731/1064 1096/730/1060 1086/306/1050
f 1088/309/1052 1116/727/1080 1100/732/1064 1087/308/1051
f 1089/311/1053 1118/733/1083 1116/726/1080 1088/310/1052
f 1090/313/1054 1103/735/1069 1118/734/1083 1089/312/1053
f 1091/315/1055 1102/737/1066 1103/736/1069 1090/314/1054
f 1092/316/1056 1106/738/1070 1102/737/1066 1091/315/1055
f 1093/317/1057 1108/739/1072 1106/738/1070 1092/316/1056
f 1094/318/1058 1114/740/1079 1108/739/1072 1093/317/1057
f 1095/319/1059 1111/741/1077 1114/740/1079 1094/318/1058
f 1084/304/1049 1110/742/1074 1111/741/1077 1095/319/1059
f 1085/305/1048 1097/729/1063 1110/742/1074 1084/304/1049
f 1120/499/1085 1133/727/1099 1146/726/1110 1128/518/1091
f 1121/499/1084 1132/727/1096 1133/726/1099 1120/518/1085
f 1122/499/1086 1136/727/1100 1132/726/1096 1121/518/1084
f 1130/499/1094 1152/727/1116 1136/726/1100 1122/518/1086
f 1131/499/1095 1154/727/1119 1152/726/1116 1130/518/1094
f 1123/499/1088 1139/727/1105 1154/726/1119 1131/518/1095
f 1124/499/1087 1138/727/1102 1139/726/1105 1123/518/1088
f 1125/499/1089 1142/727/1106 1138/726/1102 1124/518/1087
f 1126/499/1090 1144/727/1108 1142/726/1106 1125/518/1089
f 1129/499/1093 1150/727/1115 1144/726/1108 1126/518/1090
f 1127/499/1092 1147/727/1113 1150/726/1115 1129/518/1093
f 1128/499/1091 1146/727/1110 1147/726/1113 1127/518/1092
f 1134/499/1098 1157/727/1122 1164/726/1128 1149/518/1111
f 1135/499/1097 1156/727/1120 1157/726/1122 1134/518/1098
f 1137/499/1101 1159/727/1123 1156/726/1120 1135/518/1097
f 1153/499/1117 1167/727/1131 1159/726/1123 1137/518/1101
f 1155/499/1118 1168/727/1132 1167/726/1131 1153/518/1117
f 1140/499/1104 1161/727/1125 1168/726/1132 1155/518/1118
f 1141/499/1103 1160/727/1124 1161/726/1125 1140/518/1104
f 1143/499/1107 1162/727/1126 1160/726/1124 1141/518/1103
f 1145/499/1109 1163/727/1127 1162/726/1126 1143/518/1107
f 1151/499/1114 1166/727/1130 1163/726/1127 1145/518/1109
f 1148/499/1112 1165/727/1129 1166/726/1130 1151/518/1114
f 1149/499/1111 1164/727/1128 1165/726/1129 1148/518/1112
